{"stats":{"minecraft:crafted":{"minecraft:oak_planks":76,"minecraft:stone_pickaxe":1,"minecraft:chest":2,"minecraft:crafting_table":2,"minecraft:wooden_pickaxe":1,"toughasnails:wool_boots":1,"minecraft:stick":4,"minecraft:wooden_axe":1},"minecraft:used":{"minecraft:carved_pumpkin":3,"minecraft:chest":2,"minecraft:mutton":7,"minecraft:wooden_axe":39,"zombie_extreme:soda":2,"tombstone:gift":5,"minecraft:cooked_beef":2,"tombstone:scroll_of_knowledge":1,"zombie_extreme:decomposing_backpack":2,"minecraft:glass_bottle":38,"minecraft:wooden_pickaxe":15,"zombie_extreme:rotten_apple":4,"zombie_extreme:chips":1,"minecraft:golden_apple":1,"minecraft:crafting_table":3,"minecraft:white_bed":1,"minecraft:black_wool":1,"basicweapons:iron_club":174,"minecraft:cobblestone":7,"minecraft:potion":39,"minecraft:porkchop":15,"minecraft:air":4,"minecraft:coarse_dirt":5},"minecraft:broken":{"toughasnails:wool_boots":1,"zombie_extreme:juggernaut_suit_leggings":1},"minecraft:killed_by":{"zombie_extreme:fetus":1,"zombie_extreme:assasin_black_ops":1,"enemyexpansion:wasp":1,"alexsmobs:grizzly_bear":1},"minecraft:dropped":{"minecraft:porkchop":1,"minecraft:oak_log":2,"minecraft:glass_bottle":3,"minecraft:cooked_porkchop":1,"minecraft:cobblestone":6,"orcz:blue_orcshroom":1,"zombie_extreme:cloth":2,"minecraft:golden_apple":2,"minecraft:stick":2,"minecraft:flint":2,"minecraft:ink_sac":1,"minecraft:wooden_axe":1,"minecraft:pumpkin":3,"orcz:bone_1deco":1,"minecraft:string":36,"alexsmobs:animal_dictionary":2,"minecraft:rotten_flesh":19,"minecraft:white_terracotta":2,"alexsmobs:cachalot_whale_tooth":1,"minecraft:gunpowder":12,"minecraft:oak_sapling":9,"minecraft:carved_pumpkin":1,"minecraft:magma_block":2,"basicweapons:iron_spear":1,"minecraft:brown_concrete":2},"minecraft:picked_up":{"minecraft:wooden_axe":1,"minecraft:charcoal":2,"minecraft:crafting_table":2,"minecraft:coarse_dirt":5,"enemyexpansion:wasp_thorax":2,"minecraft:potion":2,"minecraft:enchanted_book":3,"zombie_extreme:baseball_bat":1,"tombstone:scroll_of_preservation":1,"zombie_extreme:decomposing_backpack":3,"minecraft:string":18,"irons_spellbooks:arcane_essence":10,"minecraft:beef":4,"tombstone:scroll_of_lightning_resistance":2,"minecraft:stick":2,"zombie_extreme:soda_used":3,"minecraft:porkchop":22,"zombie_extreme:dog_food":2,"orcz:orchorn":1,"tombstone:grave_dust":2,"minecraft:prismarine_crystals":3,"minecraft:rotten_flesh":2,"biomesoplenty:cattail":3,"orcz:orcshroom":1,"minecraft:carved_pumpkin":4,"minecraft:saddle":2,"minecraft:gold_ingot":32,"minecraft:white_terracotta":2,"minecraft:music_disc_wait":1,"minecraft:mutton":7,"zombie_extreme:juggernaut_suit_chestplate":1,"minecraft:white_wool":4,"minecraft:cobblestone":16,"golemfirststonemod:item_flame_of_creation_blue":1,"minecraft:magma_block":2,"minecraft:dune_armor_trim_smithing_template":4,"minecraft:cooked_beef":2,"orcz:orcteeth":26,"zombie_extreme:juggernaut_suit_leggings":1,"minecraft:leather":2,"alexsmobs:cachalot_whale_tooth":1,"minecraft:flint":1,"minecraft:brown_concrete":2,"minecraft:oak_log":21,"minecraft:gunpowder":12,"tombstone:gift":2,"basicweapons:iron_spear":1,"minecraft:wheat_seeds":3,"minecraft:iron_ingot":1,"zombie_extreme:barbed_fence":4,"basicweapons:iron_dagger":1,"zombie_extreme:cloth":1,"minecraft:glass_bottle":1,"minecraft:oak_planks":64,"minecraft:book":1,"minecraft:cooked_porkchop":1,"minecraft:pumpkin":3,"orcz:blue_orcshroom":1,"minecraft:ink_sac":1,"minecraft:sea_lantern":22,"alexsmobs:animal_dictionary":1,"minecraft:dark_prismarine":6,"minecraft:diamond":8,"tombstone:scroll_of_knowledge":1,"minecraft:golden_apple":2,"minecraft:emerald":8,"minecraft:golden_horse_armor":1,"orcz:ironscrap":1,"minecraft:oak_sapling":9,"minecraft:black_wool":1},"minecraft:killed":{"zombie_extreme:infected_juggernaut":1,"minecraft:slime":8,"zombie_extreme:revived":2,"zombie_extreme:clicker":1,"zombie_extreme:goon":1,"zombie_extreme:crawler":2,"minecraft:pig":8,"minecraft:sheep":5,"zombie_extreme:devestated":1,"minecraft:zombie":3,"zombie_extreme:assasin_black_ops":1,"orcz:orcsavage_2sword":2,"orcz:snot":2,"zombie_extreme:fetus":1,"orcz:orcshield":1,"minecraft:cow":1},"minecraft:custom":{"lootr:looted_stat":13,"minecraft:mob_kills":47,"minecraft:interact_with_crafting_table":12,"minecraft:open_barrel":2,"minecraft:interact_with_campfire":4,"minecraft:damage_dealt_resisted":79,"minecraft:leave_game":8,"minecraft:time_since_death":1658,"minecraft:climb_one_cm":1854,"minecraft:sprint_one_cm":221427,"minecraft:walk_one_cm":273352,"minecraft:drop":35,"minecraft:play_time":113732,"minecraft:deaths":10,"minecraft:sneak_time":1807,"minecraft:walk_under_water_one_cm":109232,"minecraft:jump":1750,"minecraft:walk_on_water_one_cm":82360,"minecraft:total_world_time":113732,"minecraft:time_since_rest":1242,"minecraft:damage_taken":3946,"minecraft:damage_absorbed":10,"minecraft:damage_dealt":6466,"tombstone:cast_on_ally":1,"minecraft:swim_one_cm":138003,"minecraft:fly_one_cm":265744,"minecraft:open_chest":19,"minecraft:crouch_one_cm":1879,"tombstone:undead_killed":10,"minecraft:fall_one_cm":24807},"minecraft:mined":{"minecraft:brown_concrete":1,"minecraft:carved_pumpkin":3,"minecraft:grass_block":2,"biomesoplenty:cattail":2,"minecraft:magma_block":2,"zombie_extreme:decomposing_backpack":2,"minecraft:fire":4,"minecraft:pumpkin":3,"minecraft:stone":5,"minecraft:crafting_table":2,"minecraft:campfire":1,"biomesoplenty:sprout":2,"minecraft:white_terracotta":1,"minecraft:coarse_dirt":5,"minecraft:grass":10,"minecraft:oak_log":20,"minecraft:oak_leaves":3,"minecraft:fern":9}},"DataVersion":3465}