{"stats":{"minecraft:picked_up":{"minecraft:wheat":29,"artifacts:umbrella":2,"artifacts:bunny_hoppers":1,"minecraft:lead":1,"minecraft:oak_stairs":1,"minecraft:potion":3,"tombstone:grave_key":2,"minecraft:brewing_stand":2,"minecraft:string":35,"alexsmobs:ancient_dart":1,"minecraft:sea_pickle":1,"minecraft:bucket":1,"minecraft:spruce_planks":61,"minecraft:red_dye":1,"minecraft:rose_bush":1,"minecraft:iron_pickaxe":4,"minecraft:furnace":2,"minecraft:iron_boots":1,"minecraft:tipped_arrow":3,"minecraft:stick":1,"minecraft:oak_fence":1,"minecraft:torch":4,"minecraft:porkchop":2,"tombstone:grave_dust":4,"minecraft:rotten_flesh":30,"minecraft:iron_block":1,"minecraft:carved_pumpkin":15,"alexsmobs:flying_fish":1,"minecraft:cobblestone":47,"biomesoplenty:lavender":1,"minecraft:birch_log":9,"born_in_chaos_v1:staffof_magic_arrows":1,"minecraft:leather_chestplate":4,"minecraft:feather":2,"born_in_chaos_v1:spiritual_dust":15,"minecraft:dark_oak_boat":4,"minecraft:smoker":1,"biomesoplenty:fir_log":7,"minecraft:dirt":71,"minecraft:lantern":59,"minecraft:leather_boots":1,"minecraft:glass":6,"minecraft:bone":15,"basicweapons:iron_spear":1,"minecraft:bow":1,"minecraft:wheat_seeds":25,"minecraft:powered_rail":1,"irons_spellbooks:frozen_bone":19,"alexsmobs:crocodile_egg":1,"minecraft:sand":33,"toughasnails:water_canteen":2,"born_in_chaos_v1:fire_dust":3,"minecraft:diamond":1,"born_in_chaos_v1:nightmare_scythe":1,"minecraft:crossbow":1,"minecraft:bone_meal":1,"minecraft:golden_apple":1,"minecraft:bread":2,"minecraft:emerald":3,"alexsmobs:maggot":2,"minecraft:dark_oak_fence":4,"minecraft:crimson_roots":3,"minecraft:diamond_pickaxe":1,"minecraft:charcoal":5,"minecraft:crafting_table":3,"minecraft:allium":8,"born_in_chaos_v1:river_mint":6,"minecraft:ladder":1,"minecraft:gold_block":1,"minecraft:chain":1,"minecraft:item_frame":1,"born_in_chaos_v1:intoxicating_decoction":1,"artifacts:fire_gauntlet":1,"minecraft:raw_iron":5,"minecraft:spruce_fence":3,"minecraft:arrow":31,"minecraft:hay_block":77,"born_in_chaos_v1:trident_hayfork":1,"minecraft:white_wool":3,"born_in_chaos_v1:corpse_maggot":4,"minecraft:leather":8,"minecraft:filled_map":1,"artifacts:anglers_hat":2,"minecraft:oak_log":1,"minecraft:yellow_bed":4,"minecraft:blue_bed":5,"minecraft:cooked_mutton":1,"irons_spellbooks:common_ink":1,"born_in_chaos_v1:smoked_flesh":3,"minecraft:iron_sword":2,"minecraft:sweet_berries":11,"minecraft:pumpkin":8,"born_in_chaos_v1:orbofthe_summoner":1,"minecraft:gravel":1,"orcz:orcamanita":1,"minecraft:spruce_log":8,"minecraft:spider_eye":5,"minecraft:leather_helmet":1,"travelersbackpack:standard":4,"minecraft:pumpkin_seeds":48,"minecraft:coal":6},"minecraft:mined":{"minecraft:spruce_planks":1,"orcz:orcamanita":1,"minecraft:brewing_stand":2,"minecraft:carved_pumpkin":15,"minecraft:grass_block":12,"minecraft:spawner":10,"minecraft:iron_ore":3,"minecraft:fire":1,"biomesoplenty:lavender":2,"minecraft:pumpkin":9,"minecraft:iron_bars":6,"minecraft:iron_block":1,"minecraft:smoker":1,"minecraft:powder_snow":35,"minecraft:cobblestone":13,"minecraft:wall_torch":3,"minecraft:birch_log":9,"biomesoplenty:fir_log":7,"minecraft:grass":9,"minecraft:sand":32,"minecraft:dirt":2,"minecraft:dispenser":1,"minecraft:dark_oak_fence":4,"minecraft:spruce_fence":3,"born_in_chaos_v1:black_argillite_brick_wall":1,"minecraft:large_fern":1,"minecraft:hay_block":41,"minecraft:furnace":2,"minecraft:gold_block":1,"biomesoplenty:high_grass":3,"minecraft:lantern":54,"minecraft:stone":19,"minecraft:white_wool":1,"travelersbackpack:standard":4,"minecraft:oak_fence":1,"minecraft:crafting_table":3,"minecraft:rose_bush":3,"minecraft:campfire":3,"biomesoplenty:high_grass_plant":1,"minecraft:tall_grass":1,"biomesoplenty:sprout":5,"minecraft:blue_bed":4,"minecraft:sweet_berry_bush":6,"minecraft:spruce_log":1,"minecraft:birch_leaves":3,"minecraft:yellow_bed":3,"minecraft:coal_ore":2,"minecraft:cobweb":4,"minecraft:spruce_fence_gate":1},"minecraft:killed":{"minecraft:cave_spider":8,"born_in_chaos_v1:skeleton_demoman":1,"born_in_chaos_v1:door_knight_not_despawn":1,"minecraft:spider":15,"born_in_chaos_v1:baby_skeleton_minion":7,"minecraft:skeleton":2,"born_in_chaos_v1:supreme_bonescaller_stage_2":1,"born_in_chaos_v1:firelight_not_despawn":2,"minecraft:pig":1,"minecraft:creeper":1,"minecraft:sheep":1,"minecraft:pillager":6,"minecraft:zombie":1,"born_in_chaos_v1:corpse_fly":7,"enemyexpansion:botfly":3,"minecraft:stray":8,"alexsmobs:fly":8,"undead_revamp2:thehunter":2,"born_in_chaos_v1:skeleton_thrasher_not_despawn":1,"enemyexpansion:direwolf":2,"born_in_chaos_v1:maggot":6,"born_in_chaos_v1:corpse_fish":1,"born_in_chaos_v1:bone_imp_minion":16,"born_in_chaos_v1:swarmer":1,"undead_revamp2:the_moonflower":1,"born_in_chaos_v1:decrepit_skeleton":2,"alexsmobs:crocodile":2,"born_in_chaos_v1:bonescaller_not_despawn":1},"minecraft:custom":{"lootr:looted_stat":61,"minecraft:interact_with_crafting_table":34,"minecraft:open_barrel":20,"minecraft:bell_ring":2,"minecraft:eat_cake_slice":1,"minecraft:leave_game":21,"minecraft:time_since_death":492849,"minecraft:sprint_one_cm":1003965,"minecraft:damage_blocked_by_shield":990,"minecraft:drop":98,"minecraft:talked_to_villager":2,"minecraft:play_time":807081,"minecraft:deaths":11,"minecraft:jump":6977,"minecraft:interact_with_brewingstand":4,"minecraft:walk_on_water_one_cm":83868,"minecraft:interact_with_furnace":32,"minecraft:sleep_in_bed":26,"minecraft:damage_dealt":15735,"minecraft:crouch_one_cm":19630,"tombstone:undead_killed":45,"minecraft:interact_with_smoker":15,"minecraft:use_cauldron":5,"minecraft:mob_kills":120,"minecraft:damage_dealt_resisted":2379,"minecraft:climb_one_cm":17324,"minecraft:walk_one_cm":2459764,"minecraft:sneak_time":22515,"minecraft:walk_under_water_one_cm":133597,"minecraft:boat_one_cm":64402,"minecraft:total_world_time":807081,"tombstone:raider_killed":6,"minecraft:time_since_rest":13280,"minecraft:damage_taken":9517,"minecraft:damage_absorbed":80,"minecraft:swim_one_cm":66380,"minecraft:fly_one_cm":2617799,"minecraft:open_chest":31,"minecraft:fall_one_cm":89673},"minecraft:killed_by":{"undead_revamp2:sucker":2,"alexsmobs:crocodile":1,"minecraft:cave_spider":1,"minecraft:zombie":1,"born_in_chaos_v1:supreme_bonescaller_stage_2":1,"undead_revamp2:thepregnant":1,"minecraft:snow_golem":1,"born_in_chaos_v1:baby_skeleton_minion":1},"minecraft:crafted":{"minecraft:barrel":1,"minecraft:dark_oak_boat":1,"minecraft:birch_slab":6,"minecraft:glass":26,"minecraft:chest":1,"toughasnails:rain_collector":1,"minecraft:crafting_table":1,"minecraft:spruce_planks":68,"travelersbackpack:standard":1,"minecraft:iron_helmet":1,"minecraft:red_wool":2,"minecraft:birch_planks":12,"travelersbackpack:red_sleeping_bag":1,"biomesoplenty:fir_planks":8,"minecraft:charcoal":6,"toughasnails:water_purifier":1,"minecraft:stick":4,"born_in_chaos_v1:smoked_flesh":10,"minecraft:iron_ingot":9,"minecraft:shears":1,"toughasnails:empty_canteen":1,"minecraft:iron_axe":1,"minecraft:dark_oak_planks":32,"minecraft:wheat":366,"minecraft:red_dye":2,"travelersbackpack:backpack_tank":2,"minecraft:bread":96,"minecraft:air":0,"minecraft:diamond_chestplate":1},"minecraft:broken":{"minecraft:leather_helmet":1,"toughasnails:water_canteen":23,"minecraft:leather_chestplate":1,"toughasnails:purified_water_canteen":2},"minecraft:used":{"minecraft:ladder":11,"minecraft:axolotl_spawn_egg":2,"minecraft:chest":77,"minecraft:shield":38,"minecraft:iron_sword":185,"minecraft:bubble_coral":5,"minecraft:tube_coral":3,"minecraft:lantern":73,"minecraft:grass_block":4616,"minecraft:crimson_roots":3,"minecraft:stone_bricks":466,"minecraft:item_frame":1,"minecraft:redstone_lamp":5,"minecraft:brown_carpet":16,"minecraft:horn_coral":5,"minecraft:dark_oak_boat":4,"minecraft:sweet_berries":4,"minecraft:furnace":21,"minecraft:powered_rail":1,"minecraft:oak_planks":2057,"biomesoplenty:fir_planks":4,"minecraft:redstone_block":4,"minecraft:blue_bed":8,"toughasnails:water_canteen":486,"minecraft:oak_leaves":169,"minecraft:brain_coral":3,"minecraft:golden_apple":2,"minecraft:sand":3,"biomesoplenty:palm_door":11,"minecraft:black_bed":3,"minecraft:shears":18,"minecraft:bread":147,"minecraft:string":2,"minecraft:oak_pressure_plate":20,"minecraft:green_candle":11,"basicweapons:iron_club":176,"minecraft:air":1,"minecraft:oak_fence":294,"toughasnails:water_purifier":1,"minecraft:carved_pumpkin":12,"minecraft:spruce_planks":53,"minecraft:wooden_shovel":114,"minecraft:torch":130,"minecraft:dirt":54,"toughasnails:empty_canteen":25,"minecraft:spruce_stairs":68,"minecraft:spruce_fence":46,"minecraft:iron_axe":27,"minecraft:oak_stairs":828,"tombstone:gift":6,"minecraft:pumpkin":8,"minecraft:iron_leggings":1,"born_in_chaos_v1:trident_hayfork":56,"minecraft:cooked_mutton":1,"biomesoplenty:jacaranda_door":2,"minecraft:water_bucket":124,"minecraft:dirt_path":115,"minecraft:snow_block":1,"minecraft:birch_planks":63,"minecraft:glass_bottle":8,"farmersdelight:onion":3,"minecraft:oak_slab":76,"minecraft:crafting_table":5,"toughasnails:rain_collector":1,"minecraft:campfire":116,"minecraft:fire_coral":4,"minecraft:oak_log":869,"minecraft:diamond_pickaxe":93,"minecraft:apple":20,"minecraft:diamond_shovel":392,"minecraft:iron_pickaxe":35,"minecraft:cobblestone":31,"minecraft:potion":8,"travelersbackpack:standard":27,"toughasnails:purified_water_canteen":11,"minecraft:bucket":3,"minecraft:glass_pane":247,"basicweapons:iron_spear":1,"minecraft:yellow_bed":3,"alexsmobs:animal_dictionary":1,"minecraft:sea_pickle":24,"minecraft:stripped_oak_log":48,"biomesoplenty:fir_log":5,"minecraft:kelp":4,"minecraft:birch_stairs":142},"minecraft:dropped":{"minecraft:iron_sword":2,"minecraft:oak_log":1,"minecraft:diamond":1,"minecraft:lantern":5,"artifacts:anglers_hat":1,"minecraft:dirt":48,"minecraft:iron_pickaxe":4,"minecraft:blue_bed":1,"born_in_chaos_v1:fire_dust":2,"alexsmobs:crocodile_egg":1,"artifacts:villager_hat":1,"minecraft:oak_planks":1,"minecraft:leather_chestplate":1,"minecraft:tipped_arrow":2,"artifacts:umbrella":2,"born_in_chaos_v1:corpse_maggot":2,"minecraft:leather_leggings":1,"minecraft:arrow":4,"basicweapons:iron_spear":1,"minecraft:bread":23,"born_in_chaos_v1:intoxicating_decoction":1,"toughasnails:water_canteen":1,"biomesoplenty:lavender":1,"minecraft:oak_fence":1,"minecraft:feather":2,"minecraft:cobblestone":8,"minecraft:lead":1,"artifacts:whoopee_cushion":1,"minecraft:coal":4,"tombstone:grave_key":3,"tombstone:grave_dust":2,"minecraft:potion":1,"minecraft:oak_stairs":2,"irons_spellbooks:common_ink":1,"basicweapons:iron_club":1,"minecraft:red_dye":1,"born_in_chaos_v1:staffof_magic_arrows":1,"minecraft:string":33,"irons_spellbooks:frozen_bone":3,"minecraft:bucket":1,"artifacts:bunny_hoppers":1,"born_in_chaos_v1:nightmare_scythe":1,"toughasnails:empty_canteen":1,"alexsmobs:ancient_dart":2,"born_in_chaos_v1:spiritual_dust":15,"minecraft:pumpkin_seeds":32,"minecraft:filled_map":1,"minecraft:hay_block":16,"minecraft:spruce_planks":20,"minecraft:spider_eye":1,"artifacts:fire_gauntlet":1}},"DataVersion":3465}