{"stats":{"minecraft:killed_by":{"minecraft:snow_golem":1,"undead_revamp2:sucker":2,"alexsmobs:crocodile":1},"minecraft:picked_up":{"minecraft:charcoal":2,"minecraft:leather_chestplate":1,"minecraft:leather":7,"artifacts:bunny_hoppers":1,"artifacts:umbrella":1,"biomesoplenty:fir_log":7,"tombstone:grave_key":2,"minecraft:blue_bed":5,"minecraft:lantern":6,"minecraft:item_frame":1,"minecraft:cooked_mutton":1,"basicweapons:iron_spear":1,"minecraft:iron_pickaxe":1,"minecraft:iron_sword":2,"minecraft:iron_boots":1,"minecraft:pumpkin":1,"minecraft:torch":2,"minecraft:spruce_fence":3,"alexsmobs:crocodile_egg":1,"minecraft:gravel":1,"orcz:orcamanita":1,"minecraft:leather_helmet":1,"minecraft:arrow":4,"minecraft:rotten_flesh":5,"minecraft:hay_block":26,"minecraft:emerald":1,"minecraft:bread":1,"minecraft:dark_oak_fence":2,"minecraft:coal":2},"minecraft:crafted":{"minecraft:spruce_planks":40,"biomesoplenty:fir_planks":8,"toughasnails:empty_canteen":1},"minecraft:broken":{"toughasnails:water_canteen":2},"minecraft:killed":{"undead_revamp2:the_moonflower":1,"minecraft:pillager":3,"alexsmobs:crocodile":2},"minecraft:mined":{"orcz:orcamanita":1,"minecraft:powder_snow":35,"minecraft:dark_oak_fence":2,"minecraft:spruce_fence":3,"minecraft:campfire":1,"minecraft:wall_torch":1,"minecraft:blue_bed":4,"minecraft:hay_block":24,"minecraft:pumpkin":1,"biomesoplenty:fir_log":7,"minecraft:grass":1,"minecraft:coal_ore":2,"minecraft:lantern":6},"minecraft:dropped":{"minecraft:iron_sword":2,"artifacts:whoopee_cushion":1,"artifacts:umbrella":1,"tombstone:grave_key":3,"minecraft:leather_leggings":1,"basicweapons:iron_club":1,"minecraft:blue_bed":1,"artifacts:bunny_hoppers":1},"minecraft:custom":{"lootr:looted_stat":23,"minecraft:interact_with_furnace":6,"minecraft:mob_kills":6,"tombstone:raider_killed":3,"minecraft:interact_with_crafting_table":1,"minecraft:open_barrel":1,"minecraft:leave_game":1,"minecraft:time_since_death":18675,"minecraft:sleep_in_bed":11,"minecraft:climb_one_cm":610,"minecraft:time_since_rest":17161,"minecraft:sprint_one_cm":157243,"minecraft:damage_taken":2169,"minecraft:walk_one_cm":277882,"minecraft:damage_blocked_by_shield":70,"minecraft:drop":11,"minecraft:damage_dealt":1585,"minecraft:swim_one_cm":7630,"minecraft:fly_one_cm":276506,"minecraft:open_chest":4,"minecraft:crouch_one_cm":174,"minecraft:play_time":84456,"tombstone:undead_killed":1,"minecraft:deaths":6,"minecraft:sneak_time":266,"minecraft:walk_under_water_one_cm":11178,"minecraft:jump":1286,"minecraft:walk_on_water_one_cm":4410,"minecraft:interact_with_smoker":3,"minecraft:total_world_time":84456,"minecraft:fall_one_cm":20873},"minecraft:used":{"minecraft:cooked_mutton":1,"minecraft:snow_block":1,"minecraft:shield":3,"biomesoplenty:fir_planks":4,"minecraft:blue_bed":4,"toughasnails:water_canteen":66,"farmersdelight:onion":3,"toughasnails:empty_canteen":3,"minecraft:lantern":6,"minecraft:bread":17,"minecraft:iron_pickaxe":9,"minecraft:item_frame":1,"basicweapons:iron_club":41,"tombstone:gift":4,"basicweapons:iron_spear":1,"alexsmobs:animal_dictionary":1,"biomesoplenty:fir_log":5,"minecraft:iron_leggings":1}},"DataVersion":3465}