{"stats":{"minecraft:killed_by":{"minecraft:snow_golem":1,"undead_revamp2:sucker":2},"minecraft:picked_up":{"minecraft:charcoal":2,"minecraft:leather_chestplate":1,"artifacts:umbrella":1,"minecraft:leather":7,"artifacts:bunny_hoppers":1,"minecraft:gravel":1,"minecraft:spruce_fence":3,"biomesoplenty:fir_log":7,"orcz:orcamanita":1,"tombstone:grave_key":2,"minecraft:blue_bed":2,"minecraft:leather_helmet":1,"minecraft:cooked_mutton":1,"minecraft:item_frame":1,"basicweapons:iron_spear":1,"minecraft:hay_block":26,"minecraft:iron_pickaxe":1,"minecraft:bread":1,"minecraft:emerald":1,"minecraft:iron_sword":2,"minecraft:iron_boots":1},"minecraft:crafted":{"biomesoplenty:fir_planks":8,"toughasnails:empty_canteen":1},"minecraft:dropped":{"minecraft:iron_sword":2,"artifacts:umbrella":1,"tombstone:grave_key":3,"minecraft:leather_leggings":1,"artifacts:whoopee_cushion":1,"basicweapons:iron_club":1,"artifacts:bunny_hoppers":1},"minecraft:mined":{"minecraft:hay_block":24,"orcz:orcamanita":1,"minecraft:powder_snow":35,"biomesoplenty:fir_log":7,"minecraft:spruce_fence":3,"minecraft:campfire":1,"minecraft:blue_bed":2},"minecraft:custom":{"minecraft:time_since_rest":6756,"lootr:looted_stat":16,"minecraft:interact_with_furnace":6,"minecraft:sprint_one_cm":111458,"minecraft:damage_taken":1390,"minecraft:walk_one_cm":185471,"minecraft:drop":10,"minecraft:damage_dealt":9,"minecraft:swim_one_cm":7630,"minecraft:interact_with_crafting_table":1,"minecraft:fly_one_cm":188308,"minecraft:open_chest":2,"minecraft:crouch_one_cm":105,"minecraft:play_time":53368,"minecraft:deaths":5,"minecraft:sneak_time":180,"minecraft:walk_under_water_one_cm":3388,"minecraft:jump":794,"minecraft:walk_on_water_one_cm":2172,"minecraft:time_since_death":33159,"minecraft:sleep_in_bed":10,"minecraft:interact_with_smoker":3,"minecraft:total_world_time":53368,"minecraft:fall_one_cm":11150},"minecraft:used":{"minecraft:cooked_mutton":1,"minecraft:snow_block":1,"minecraft:bread":3,"biomesoplenty:fir_planks":4,"minecraft:blue_bed":1,"toughasnails:water_canteen":26,"minecraft:item_frame":1,"farmersdelight:onion":3,"toughasnails:empty_canteen":1,"basicweapons:iron_spear":1,"tombstone:gift":4,"alexsmobs:animal_dictionary":1,"biomesoplenty:fir_log":5,"minecraft:iron_leggings":1}},"DataVersion":3465}