{"stats":{"minecraft:mined":{"minecraft:spruce_planks":1,"orcz:orcamanita":1,"minecraft:sculk_vein":2,"minecraft:brewing_stand":2,"minecraft:carved_pumpkin":15,"minecraft:grass_block":12,"minecraft:coal_block":1,"minecraft:spawner":10,"minecraft:iron_ore":36,"minecraft:fire":1,"biomesoplenty:lavender":2,"minecraft:pumpkin":9,"minecraft:deepslate_lapis_ore":2,"minecraft:iron_bars":6,"minecraft:iron_block":1,"minecraft:deepslate_redstone_ore":12,"minecraft:smoker":1,"minecraft:powder_snow":35,"minecraft:torch":3,"minecraft:blast_furnace":1,"minecraft:cobblestone":13,"minecraft:sugar_cane":18,"minecraft:wall_torch":4,"epicpaladins:deepslate_cryorium_ore":12,"minecraft:birch_log":9,"minecraft:wheat":1,"biomesoplenty:fir_log":7,"minecraft:grass":10,"minecraft:sand":32,"minecraft:dirt":2,"minecraft:dispenser":1,"epicpaladins:arclight_ore":3,"minecraft:deepslate":8,"minecraft:dark_oak_fence":4,"minecraft:spruce_fence":3,"born_in_chaos_v1:black_argillite_brick_wall":1,"epicpaladins:deepslate_arclight_ore":10,"minecraft:large_fern":1,"minecraft:hay_block":41,"minecraft:furnace":4,"minecraft:carrots":14,"minecraft:andesite":1,"minecraft:gold_block":1,"minecraft:deepslate_iron_ore":14,"biomesoplenty:high_grass":3,"minecraft:lantern":56,"irons_spellbooks:inscription_table":2,"minecraft:stone":21,"minecraft:white_wool":1,"travelersbackpack:standard":10,"minecraft:oak_fence":1,"minecraft:crafting_table":6,"minecraft:rose_bush":3,"minecraft:campfire":3,"biomesoplenty:high_grass_plant":1,"minecraft:tall_grass":1,"minecraft:copper_ore":4,"biomesoplenty:sprout":5,"minecraft:deepslate_gold_ore":15,"minecraft:sculk":34,"minecraft:blue_bed":4,"minecraft:sweet_berry_bush":6,"minecraft:spruce_log":1,"minecraft:birch_leaves":3,"minecraft:yellow_bed":3,"minecraft:coal_ore":45,"minecraft:cobweb":4,"minecraft:spruce_fence_gate":1},"minecraft:crafted":{"minecraft:barrel":4,"minecraft:dark_oak_boat":1,"minecraft:birch_slab":12,"minecraft:glass":26,"minecraft:chest":1,"irons_spellbooks:copper_spell_book":1,"toughasnails:rain_collector":4,"minecraft:crafting_table":1,"minecraft:spruce_planks":68,"travelersbackpack:standard":1,"minecraft:iron_helmet":2,"minecraft:red_wool":2,"minecraft:copper_ingot":3,"minecraft:birch_planks":40,"travelersbackpack:red_sleeping_bag":1,"wardrobe:white_scarf":2,"biomesoplenty:fir_planks":8,"minecraft:paper":3,"minecraft:charcoal":6,"toughasnails:water_purifier":1,"minecraft:stick":16,"born_in_chaos_v1:smoked_flesh":26,"minecraft:iron_ingot":9,"minecraft:shears":1,"toughasnails:empty_canteen":1,"minecraft:iron_axe":1,"minecraft:dark_oak_planks":32,"minecraft:wheat":366,"minecraft:red_dye":2,"travelersbackpack:backpack_tank":2,"minecraft:bread":96,"minecraft:air":0,"minecraft:iron_leggings":1,"minecraft:torch":56,"minecraft:diamond_chestplate":1},"minecraft:killed":{"minecraft:cave_spider":8,"minecraft:witch":1,"born_in_chaos_v1:restless_spirit":1,"born_in_chaos_v1:zombie_lumberjack":1,"born_in_chaos_v1:skeleton_demoman":1,"born_in_chaos_v1:door_knight_not_despawn":1,"minecraft:spider":19,"undead_revamp2:thesmoker":1,"born_in_chaos_v1:baby_skeleton_minion":7,"born_in_chaos_v1:scarlet_persecutor":1,"minecraft:skeleton":4,"born_in_chaos_v1:skeleton_thrasher":1,"minecraft:silverfish":3,"born_in_chaos_v1:supreme_bonescaller_stage_2":1,"born_in_chaos_v1:firelight_not_despawn":2,"minecraft:pig":1,"minecraft:zombie_villager":1,"minecraft:creeper":1,"minecraft:sheep":1,"minecraft:pillager":6,"undead_revamp2:slaveman":1,"born_in_chaos_v1:dread_hound":1,"minecraft:zombie":8,"born_in_chaos_v1:corpse_fly":15,"enemyexpansion:botfly":4,"minecraft:stray":8,"alexsmobs:fly":8,"irons_spellbooks:summoned_zombie":1,"undead_revamp2:thehunter":3,"born_in_chaos_v1:skeleton_thrasher_not_despawn":1,"enemyexpansion:direwolf":4,"born_in_chaos_v1:maggot":12,"born_in_chaos_v1:corpse_fish":1,"undead_revamp2:sucker":1,"born_in_chaos_v1:bone_imp_minion":16,"born_in_chaos_v1:baby_skeleton":1,"born_in_chaos_v1:swarmer":1,"undead_revamp2:the_moonflower":2,"born_in_chaos_v1:decrepit_skeleton":2,"alexsmobs:crocodile":2,"born_in_chaos_v1:dark_vortex":1,"born_in_chaos_v1:bonescaller_not_despawn":1,"enemyexpansion:huntsman":2},"minecraft:used":{"irons_spellbooks:inscription_table":2,"minecraft:ladder":11,"minecraft:axolotl_spawn_egg":2,"minecraft:chest":77,"minecraft:shield":71,"minecraft:iron_sword":185,"minecraft:bubble_coral":5,"minecraft:tube_coral":3,"minecraft:carrot":41,"born_in_chaos_v1:smoked_flesh":26,"minecraft:lantern":73,"minecraft:grass_block":4616,"minecraft:crimson_roots":3,"minecraft:stone_bricks":466,"minecraft:item_frame":1,"minecraft:redstone_lamp":5,"minecraft:brown_carpet":16,"minecraft:dark_oak_boat":4,"minecraft:horn_coral":5,"minecraft:sweet_berries":4,"minecraft:furnace":23,"minecraft:powered_rail":1,"minecraft:oak_planks":2057,"biomesoplenty:fir_planks":4,"minecraft:redstone_block":4,"minecraft:blue_bed":8,"toughasnails:water_canteen":516,"minecraft:oak_leaves":169,"minecraft:brain_coral":3,"minecraft:golden_apple":2,"minecraft:sand":3,"minecraft:blast_furnace":1,"minecraft:crossbow":3,"biomesoplenty:palm_door":11,"minecraft:black_bed":3,"minecraft:shears":18,"minecraft:string":2,"minecraft:bread":157,"minecraft:oak_pressure_plate":20,"minecraft:green_candle":11,"basicweapons:iron_club":202,"minecraft:air":1,"minecraft:oak_fence":294,"toughasnails:water_purifier":1,"minecraft:carved_pumpkin":13,"minecraft:spruce_planks":53,"minecraft:wooden_shovel":114,"minecraft:torch":181,"minecraft:brewing_stand":2,"minecraft:dirt":55,"toughasnails:empty_canteen":35,"minecraft:spruce_stairs":68,"minecraft:spruce_fence":46,"minecraft:iron_axe":47,"minecraft:oak_stairs":828,"minecraft:trapped_chest":1,"tombstone:gift":6,"minecraft:cobbled_deepslate":4,"minecraft:pumpkin":8,"minecraft:iron_leggings":1,"born_in_chaos_v1:trident_hayfork":200,"minecraft:cooked_mutton":1,"biomesoplenty:jacaranda_door":2,"minecraft:water_bucket":126,"minecraft:dirt_path":115,"minecraft:snow_block":1,"minecraft:birch_planks":63,"minecraft:glass_bottle":8,"farmersdelight:onion":3,"minecraft:oak_slab":76,"minecraft:crafting_table":6,"toughasnails:rain_collector":4,"minecraft:campfire":116,"minecraft:fire_coral":4,"minecraft:smoker":1,"minecraft:oak_log":869,"minecraft:diamond_pickaxe":271,"minecraft:apple":20,"minecraft:diamond_shovel":392,"minecraft:iron_pickaxe":35,"minecraft:cobblestone":35,"minecraft:potion":9,"travelersbackpack:standard":29,"toughasnails:purified_water_canteen":54,"minecraft:bucket":5,"minecraft:glass_pane":247,"basicweapons:iron_spear":1,"minecraft:yellow_bed":3,"minecraft:sea_pickle":24,"alexsmobs:animal_dictionary":1,"minecraft:stripped_oak_log":48,"biomesoplenty:fir_log":5,"minecraft:kelp":4,"minecraft:birch_stairs":142},"minecraft:dropped":{"minecraft:iron_sword":2,"minecraft:oak_log":1,"minecraft:glass_bottle":1,"minecraft:diamond":1,"minecraft:lantern":5,"artifacts:anglers_hat":1,"minecraft:dirt":48,"minecraft:iron_pickaxe":4,"minecraft:blue_bed":1,"born_in_chaos_v1:fire_dust":2,"alexsmobs:crocodile_egg":1,"artifacts:villager_hat":1,"minecraft:oak_planks":1,"minecraft:leather_chestplate":1,"minecraft:tipped_arrow":2,"artifacts:umbrella":2,"born_in_chaos_v1:corpse_maggot":2,"minecraft:leather_leggings":1,"minecraft:arrow":4,"basicweapons:iron_spear":1,"minecraft:bread":23,"born_in_chaos_v1:intoxicating_decoction":1,"toughasnails:water_canteen":2,"biomesoplenty:lavender":1,"minecraft:oak_fence":1,"minecraft:feather":2,"minecraft:cobblestone":8,"minecraft:lead":1,"artifacts:whoopee_cushion":1,"minecraft:coal":4,"minecraft:torch":6,"tombstone:grave_key":3,"tombstone:grave_dust":2,"minecraft:potion":1,"wardrobe:white_scarf":2,"minecraft:iron_leggings":1,"minecraft:oak_stairs":2,"toughasnails:purified_water_canteen":3,"irons_spellbooks:common_ink":1,"basicweapons:iron_club":1,"minecraft:red_dye":1,"born_in_chaos_v1:staffof_magic_arrows":1,"minecraft:string":33,"irons_spellbooks:frozen_bone":3,"minecraft:bucket":1,"artifacts:bunny_hoppers":1,"born_in_chaos_v1:nightmare_scythe":1,"toughasnails:empty_canteen":1,"alexsmobs:ancient_dart":2,"born_in_chaos_v1:spiritual_dust":15,"minecraft:pumpkin_seeds":32,"minecraft:filled_map":1,"minecraft:hay_block":16,"minecraft:shield":2,"minecraft:spruce_planks":20,"minecraft:spider_eye":1,"artifacts:fire_gauntlet":1},"minecraft:picked_up":{"irons_spellbooks:scroll":2,"minecraft:wheat":31,"minecraft:flower_pot":1,"artifacts:umbrella":2,"artifacts:bunny_hoppers":1,"minecraft:lead":1,"minecraft:oak_stairs":1,"minecraft:potion":3,"tombstone:grave_key":2,"minecraft:brewing_stand":2,"minecraft:string":39,"minecraft:raw_copper":20,"alexsmobs:ancient_dart":1,"minecraft:sea_pickle":1,"minecraft:cobbled_deepslate":13,"minecraft:bucket":1,"minecraft:spruce_planks":61,"minecraft:red_dye":1,"minecraft:rose_bush":1,"minecraft:iron_pickaxe":4,"irons_spellbooks:inscription_table":2,"minecraft:furnace":5,"minecraft:iron_boots":1,"minecraft:tipped_arrow":3,"minecraft:stick":1,"born_in_chaos_v1:shattered_skull":1,"epicpaladins:arclight_gem":16,"minecraft:oak_fence":1,"born_in_chaos_v1:phantom_powder":1,"minecraft:torch":10,"minecraft:porkchop":2,"tombstone:grave_dust":5,"epicpaladins:cryorium_gem":22,"minecraft:rotten_flesh":46,"minecraft:iron_block":1,"minecraft:carved_pumpkin":15,"wardrobe:white_scarf":1,"minecraft:snowball":22,"alexsmobs:flying_fish":1,"minecraft:cobblestone":51,"biomesoplenty:lavender":1,"minecraft:birch_log":16,"born_in_chaos_v1:staffof_magic_arrows":1,"minecraft:leather_chestplate":4,"minecraft:feather":2,"born_in_chaos_v1:spiritual_dust":15,"minecraft:andesite":1,"minecraft:dark_oak_boat":4,"minecraft:smoker":1,"biomesoplenty:fir_log":7,"undead_revamp2:huntereye":1,"minecraft:lapis_lazuli":19,"minecraft:dirt":88,"minecraft:lantern":65,"minecraft:leather_boots":1,"minecraft:glass":6,"minecraft:bone":21,"undead_revamp2:blacpetalblock":1,"basicweapons:iron_spear":1,"minecraft:bow":1,"minecraft:wheat_seeds":26,"minecraft:raw_gold":21,"minecraft:bamboo":1,"minecraft:glowstone_dust":1,"minecraft:powered_rail":1,"toughasnails:purified_water_canteen":3,"irons_spellbooks:frozen_bone":19,"alexsmobs:crocodile_egg":1,"minecraft:sand":33,"minecraft:trapped_chest":1,"toughasnails:water_canteen":3,"born_in_chaos_v1:fire_dust":3,"minecraft:diamond":2,"born_in_chaos_v1:nightmare_scythe":1,"minecraft:crossbow":1,"minecraft:bone_meal":1,"minecraft:golden_apple":1,"minecraft:emerald":4,"minecraft:bread":8,"alexsmobs:maggot":2,"born_in_chaos_v1:rotten_fish":11,"minecraft:dark_oak_fence":4,"minecraft:crimson_roots":3,"minecraft:diamond_pickaxe":1,"undead_revamp2:bostroxingot":1,"minecraft:charcoal":5,"minecraft:crafting_table":6,"minecraft:allium":8,"minecraft:ladder":1,"born_in_chaos_v1:river_mint":6,"born_in_chaos_v1:seedof_chaos":2,"minecraft:gold_block":1,"minecraft:chain":1,"minecraft:shield":2,"minecraft:item_frame":1,"born_in_chaos_v1:intoxicating_decoction":1,"artifacts:fire_gauntlet":1,"minecraft:sugar_cane":47,"minecraft:raw_iron":67,"minecraft:spruce_fence":3,"born_in_chaos_v1:pieceofdarkmetal":2,"minecraft:carrot":52,"minecraft:redstone":71,"toughasnails:empty_canteen":1,"minecraft:arrow":32,"minecraft:hay_block":77,"minecraft:gold_ingot":6,"born_in_chaos_v1:trident_hayfork":1,"minecraft:white_wool":14,"born_in_chaos_v1:corpse_maggot":16,"born_in_chaos_v1:monster_flesh":1,"minecraft:leather":8,"minecraft:filled_map":1,"artifacts:anglers_hat":2,"minecraft:oak_log":1,"minecraft:yellow_bed":4,"minecraft:gunpowder":4,"minecraft:blue_bed":5,"minecraft:cooked_mutton":1,"irons_spellbooks:common_ink":1,"born_in_chaos_v1:smoked_flesh":3,"minecraft:iron_ingot":6,"minecraft:iron_sword":2,"minecraft:sweet_berries":11,"minecraft:pumpkin":8,"born_in_chaos_v1:orbofthe_summoner":1,"born_in_chaos_v1:ethereal_spirit":4,"minecraft:gravel":1,"born_in_chaos_v1:dark_rod":2,"orcz:orcamanita":1,"minecraft:blast_furnace":1,"minecraft:spruce_log":8,"minecraft:spider_eye":5,"minecraft:leather_helmet":1,"travelersbackpack:standard":10,"minecraft:pumpkin_seeds":48,"minecraft:chainmail_leggings":1,"wardrobe:silk":4,"minecraft:coal":63},"minecraft:killed_by":{"irons_spellbooks:priest":1,"undead_revamp2:sucker":2,"alexsmobs:crocodile":1,"minecraft:cave_spider":1,"minecraft:witch":1,"minecraft:zombie":1,"born_in_chaos_v1:supreme_bonescaller_stage_2":1,"born_in_chaos_v1:scarlet_persecutor":1,"undead_revamp2:thepregnant":1,"minecraft:snow_golem":1,"born_in_chaos_v1:baby_skeleton_minion":1,"irons_spellbooks:necromancer":1},"minecraft:broken":{"minecraft:golden_boots":1,"minecraft:leather_helmet":1,"toughasnails:water_canteen":27,"minecraft:leather_chestplate":1,"toughasnails:purified_water_canteen":8},"minecraft:custom":{"lootr:looted_stat":67,"minecraft:interact_with_crafting_table":43,"minecraft:open_barrel":20,"minecraft:bell_ring":2,"minecraft:eat_cake_slice":1,"minecraft:leave_game":27,"minecraft:time_since_death":16292,"minecraft:sprint_one_cm":1567538,"minecraft:damage_blocked_by_shield":2913,"minecraft:drop":114,"minecraft:talked_to_villager":3,"minecraft:play_time":1040671,"minecraft:deaths":16,"minecraft:jump":10289,"minecraft:interact_with_brewingstand":4,"minecraft:walk_on_water_one_cm":103507,"minecraft:interact_with_furnace":41,"minecraft:sleep_in_bed":40,"minecraft:damage_dealt":24786,"minecraft:crouch_one_cm":41608,"tombstone:undead_killed":66,"minecraft:interact_with_smoker":29,"minecraft:use_cauldron":5,"minecraft:mob_kills":173,"minecraft:damage_dealt_resisted":2398,"minecraft:climb_one_cm":20738,"minecraft:walk_one_cm":3069643,"minecraft:sneak_time":27454,"minecraft:walk_under_water_one_cm":151110,"minecraft:boat_one_cm":64402,"minecraft:interact_with_blast_furnace":1,"minecraft:total_world_time":1040671,"tombstone:raider_killed":7,"minecraft:time_since_rest":16152,"minecraft:trigger_trapped_chest":1,"minecraft:damage_taken":13084,"minecraft:damage_absorbed":80,"minecraft:swim_one_cm":113905,"minecraft:fly_one_cm":3224794,"minecraft:open_chest":97,"minecraft:fall_one_cm":139735}},"DataVersion":3465}