{"stats":{"minecraft:killed_by":{"minecraft:snow_golem":1,"undead_revamp2:sucker":2},"minecraft:picked_up":{"minecraft:charcoal":2,"minecraft:leather_chestplate":1,"minecraft:leather":7,"minecraft:gravel":1,"minecraft:spruce_fence":2,"biomesoplenty:fir_log":7,"orcz:orcamanita":1,"tombstone:grave_key":2,"minecraft:blue_bed":1,"minecraft:leather_helmet":1,"minecraft:cooked_mutton":1,"minecraft:item_frame":1,"minecraft:hay_block":26,"minecraft:emerald":1},"minecraft:crafted":{"biomesoplenty:fir_planks":8,"toughasnails:empty_canteen":1},"minecraft:dropped":{"tombstone:grave_key":3,"minecraft:leather_leggings":1,"artifacts:whoopee_cushion":1},"minecraft:mined":{"minecraft:hay_block":24,"orcz:orcamanita":1,"minecraft:powder_snow":35,"biomesoplenty:fir_log":7,"minecraft:spruce_fence":2,"minecraft:campfire":1,"minecraft:blue_bed":1},"minecraft:custom":{"minecraft:time_since_rest":9324,"lootr:looted_stat":13,"minecraft:interact_with_furnace":6,"minecraft:sprint_one_cm":82369,"minecraft:damage_taken":1350,"minecraft:walk_one_cm":115380,"minecraft:drop":5,"minecraft:damage_dealt":9,"minecraft:swim_one_cm":7630,"minecraft:interact_with_crafting_table":1,"minecraft:fly_one_cm":178096,"minecraft:crouch_one_cm":105,"minecraft:play_time":41368,"minecraft:deaths":5,"minecraft:sneak_time":180,"minecraft:walk_under_water_one_cm":1765,"minecraft:jump":691,"minecraft:walk_on_water_one_cm":1746,"minecraft:time_since_death":21159,"minecraft:sleep_in_bed":8,"minecraft:total_world_time":41368,"minecraft:fall_one_cm":8619},"minecraft:used":{"minecraft:cooked_mutton":1,"minecraft:snow_block":1,"biomesoplenty:fir_planks":4,"toughasnails:water_canteen":12,"minecraft:item_frame":1,"farmersdelight:onion":3,"toughasnails:empty_canteen":1,"tombstone:gift":4,"alexsmobs:animal_dictionary":1,"biomesoplenty:fir_log":5}},"DataVersion":3465}