{"stats":{"minecraft:mined":{"minecraft:grass":2,"minecraft:oak_log":9,"minecraft:brown_concrete":1,"minecraft:crafting_table":1},"minecraft:crafted":{"minecraft:oak_planks":36,"minecraft:crafting_table":1,"minecraft:stick":4,"toughasnails:wool_boots":1,"minecraft:wooden_pickaxe":1,"minecraft:wooden_axe":1},"minecraft:used":{"minecraft:wooden_axe":25,"minecraft:crafting_table":1,"minecraft:wooden_pickaxe":1},"minecraft:picked_up":{"minecraft:stick":1,"minecraft:crafting_table":1,"zombie_extreme:barbed_fence":2,"minecraft:beef":2,"minecraft:porkchop":19,"minecraft:brown_concrete":1,"minecraft:oak_log":9,"minecraft:oak_sapling":7,"minecraft:black_wool":1,"minecraft:mutton":7,"minecraft:white_wool":4},"minecraft:killed":{"minecraft:sheep":5,"minecraft:pig":7,"minecraft:cow":1},"minecraft:custom":{"minecraft:time_since_rest":9433,"minecraft:crouch_one_cm":251,"minecraft:sprint_one_cm":22957,"minecraft:play_time":9433,"minecraft:damage_taken":110,"minecraft:walk_one_cm":27221,"minecraft:sneak_time":47,"minecraft:mob_kills":13,"minecraft:jump":148,"minecraft:damage_dealt":1200,"minecraft:leave_game":2,"minecraft:walk_on_water_one_cm":1657,"minecraft:time_since_death":9433,"minecraft:total_world_time":9433,"minecraft:interact_with_crafting_table":5,"minecraft:fall_one_cm":3478,"minecraft:fly_one_cm":20466}},"DataVersion":3465}