{"stats":{"minecraft:killed_by":{"minecraft:snow_golem":1,"undead_revamp2:sucker":2,"born_in_chaos_v1:baby_skeleton_minion":1,"alexsmobs:crocodile":1,"minecraft:cave_spider":1,"minecraft:zombie":1,"born_in_chaos_v1:supreme_bonescaller_stage_2":1},"minecraft:picked_up":{"minecraft:crafting_table":3,"minecraft:charcoal":5,"minecraft:wheat":29,"artifacts:umbrella":2,"artifacts:bunny_hoppers":1,"minecraft:lead":1,"minecraft:gold_block":1,"minecraft:potion":3,"tombstone:grave_key":2,"minecraft:chain":1,"minecraft:brewing_stand":2,"minecraft:string":35,"alexsmobs:ancient_dart":1,"minecraft:item_frame":1,"born_in_chaos_v1:intoxicating_decoction":1,"minecraft:spruce_planks":61,"minecraft:red_dye":1,"minecraft:rose_bush":1,"minecraft:iron_pickaxe":4,"minecraft:furnace":2,"minecraft:iron_boots":1,"minecraft:tipped_arrow":3,"minecraft:raw_iron":5,"minecraft:torch":4,"minecraft:spruce_fence":3,"tombstone:grave_dust":3,"minecraft:arrow":31,"minecraft:rotten_flesh":5,"minecraft:hay_block":66,"minecraft:carved_pumpkin":13,"born_in_chaos_v1:trident_hayfork":1,"minecraft:white_wool":3,"minecraft:cobblestone":32,"born_in_chaos_v1:staffof_magic_arrows":1,"minecraft:leather_chestplate":4,"minecraft:feather":2,"born_in_chaos_v1:spiritual_dust":15,"minecraft:leather":8,"minecraft:dark_oak_boat":2,"artifacts:anglers_hat":1,"biomesoplenty:fir_log":7,"minecraft:dirt":3,"minecraft:blue_bed":5,"minecraft:lantern":54,"minecraft:leather_boots":1,"minecraft:cooked_mutton":1,"minecraft:glass":6,"minecraft:bone":12,"basicweapons:iron_spear":1,"minecraft:bow":1,"minecraft:wheat_seeds":1,"born_in_chaos_v1:smoked_flesh":3,"minecraft:powered_rail":1,"minecraft:iron_sword":2,"irons_spellbooks:frozen_bone":19,"minecraft:pumpkin":6,"born_in_chaos_v1:orbofthe_summoner":1,"alexsmobs:crocodile_egg":1,"minecraft:gravel":1,"minecraft:sand":17,"orcz:orcamanita":1,"minecraft:spruce_log":8,"minecraft:spider_eye":5,"minecraft:leather_helmet":1,"travelersbackpack:standard":1,"minecraft:pumpkin_seeds":40,"toughasnails:water_canteen":2,"born_in_chaos_v1:fire_dust":3,"minecraft:diamond":1,"born_in_chaos_v1:nightmare_scythe":1,"minecraft:crossbow":1,"minecraft:bone_meal":1,"minecraft:golden_apple":1,"minecraft:emerald":3,"minecraft:bread":1,"minecraft:dark_oak_fence":4,"minecraft:coal":6,"minecraft:diamond_pickaxe":1},"minecraft:crafted":{"minecraft:dark_oak_boat":1,"minecraft:glass":12,"minecraft:iron_axe":1,"minecraft:chest":1,"minecraft:dark_oak_planks":32,"minecraft:wheat":267,"minecraft:red_dye":2,"minecraft:crafting_table":1,"minecraft:spruce_planks":68,"travelersbackpack:backpack_tank":2,"minecraft:iron_helmet":1,"travelersbackpack:standard":1,"minecraft:red_wool":2,"minecraft:bread":96,"minecraft:air":0,"travelersbackpack:red_sleeping_bag":1,"biomesoplenty:fir_planks":8,"minecraft:stick":4,"minecraft:shears":1,"toughasnails:empty_canteen":1,"minecraft:diamond_chestplate":1},"minecraft:killed":{"minecraft:cave_spider":8,"born_in_chaos_v1:door_knight_not_despawn":1,"minecraft:spider":15,"born_in_chaos_v1:skeleton_thrasher_not_despawn":1,"born_in_chaos_v1:baby_skeleton_minion":7,"born_in_chaos_v1:maggot":6,"minecraft:skeleton":2,"born_in_chaos_v1:corpse_fish":1,"born_in_chaos_v1:supreme_bonescaller_stage_2":1,"born_in_chaos_v1:firelight_not_despawn":2,"born_in_chaos_v1:bone_imp_minion":16,"born_in_chaos_v1:swarmer":1,"undead_revamp2:the_moonflower":1,"minecraft:creeper":1,"born_in_chaos_v1:decrepit_skeleton":2,"minecraft:sheep":1,"minecraft:pillager":6,"minecraft:zombie":1,"alexsmobs:crocodile":2,"born_in_chaos_v1:corpse_fly":4,"enemyexpansion:botfly":3,"born_in_chaos_v1:bonescaller_not_despawn":1,"minecraft:stray":8},"minecraft:broken":{"minecraft:leather_helmet":1,"toughasnails:water_canteen":15,"minecraft:leather_chestplate":1},"minecraft:mined":{"minecraft:spruce_planks":1,"orcz:orcamanita":1,"minecraft:brewing_stand":2,"minecraft:carved_pumpkin":13,"minecraft:dark_oak_fence":4,"minecraft:grass_block":5,"minecraft:spruce_fence":3,"born_in_chaos_v1:black_argillite_brick_wall":1,"minecraft:spawner":10,"minecraft:hay_block":31,"minecraft:furnace":2,"minecraft:iron_ore":3,"minecraft:pumpkin":7,"minecraft:gold_block":1,"minecraft:iron_bars":6,"minecraft:lantern":49,"minecraft:stone":19,"minecraft:powder_snow":35,"travelersbackpack:standard":1,"minecraft:crafting_table":3,"minecraft:rose_bush":3,"minecraft:campfire":2,"minecraft:tall_grass":1,"biomesoplenty:sprout":5,"minecraft:blue_bed":4,"minecraft:wall_torch":3,"minecraft:spruce_log":1,"biomesoplenty:fir_log":7,"minecraft:grass":4,"minecraft:coal_ore":2,"minecraft:sand":16,"minecraft:dirt":1,"minecraft:cobweb":4,"minecraft:spruce_fence_gate":1,"minecraft:dispenser":1},"minecraft:dropped":{"minecraft:bread":23,"born_in_chaos_v1:intoxicating_decoction":1,"minecraft:iron_sword":2,"toughasnails:water_canteen":1,"minecraft:diamond":1,"minecraft:feather":2,"minecraft:lead":1,"minecraft:lantern":5,"artifacts:whoopee_cushion":1,"artifacts:anglers_hat":1,"minecraft:coal":4,"minecraft:dirt":3,"tombstone:grave_key":3,"tombstone:grave_dust":2,"minecraft:potion":1,"basicweapons:iron_club":1,"minecraft:red_dye":1,"born_in_chaos_v1:staffof_magic_arrows":1,"minecraft:iron_pickaxe":4,"minecraft:string":33,"irons_spellbooks:frozen_bone":3,"minecraft:blue_bed":1,"artifacts:bunny_hoppers":1,"born_in_chaos_v1:nightmare_scythe":1,"toughasnails:empty_canteen":1,"born_in_chaos_v1:fire_dust":2,"alexsmobs:crocodile_egg":1,"alexsmobs:ancient_dart":2,"born_in_chaos_v1:spiritual_dust":15,"minecraft:pumpkin_seeds":32,"minecraft:leather_chestplate":1,"minecraft:hay_block":16,"minecraft:tipped_arrow":2,"artifacts:umbrella":2,"minecraft:spruce_planks":20,"minecraft:leather_leggings":1,"minecraft:spider_eye":1,"basicweapons:iron_spear":1},"minecraft:custom":{"lootr:looted_stat":42,"minecraft:mob_kills":101,"minecraft:interact_with_crafting_table":25,"minecraft:open_barrel":20,"minecraft:damage_dealt_resisted":2282,"minecraft:leave_game":4,"minecraft:time_since_death":75111,"minecraft:climb_one_cm":1614,"minecraft:sprint_one_cm":389928,"minecraft:walk_one_cm":866945,"minecraft:damage_blocked_by_shield":900,"minecraft:drop":75,"minecraft:play_time":244186,"minecraft:deaths":10,"minecraft:sneak_time":903,"minecraft:walk_under_water_one_cm":54069,"minecraft:boat_one_cm":49876,"minecraft:interact_with_brewingstand":4,"minecraft:jump":3202,"minecraft:walk_on_water_one_cm":43844,"minecraft:total_world_time":244186,"minecraft:interact_with_furnace":20,"tombstone:raider_killed":6,"minecraft:sleep_in_bed":11,"minecraft:time_since_rest":74385,"minecraft:damage_taken":7543,"minecraft:damage_absorbed":80,"minecraft:damage_dealt":13720,"minecraft:swim_one_cm":34851,"minecraft:fly_one_cm":426071,"minecraft:open_chest":4,"minecraft:crouch_one_cm":814,"tombstone:undead_killed":42,"minecraft:interact_with_smoker":3,"minecraft:fall_one_cm":51014,"minecraft:use_cauldron":5},"minecraft:used":{"minecraft:carved_pumpkin":12,"minecraft:spruce_planks":8,"minecraft:shield":35,"minecraft:iron_sword":185,"minecraft:torch":2,"toughasnails:empty_canteen":15,"minecraft:lantern":52,"minecraft:iron_axe":10,"minecraft:item_frame":1,"minecraft:dark_oak_boat":3,"minecraft:furnace":2,"tombstone:gift":4,"minecraft:pumpkin":6,"minecraft:iron_leggings":1,"minecraft:cooked_mutton":1,"minecraft:snow_block":1,"minecraft:glass_bottle":8,"minecraft:powered_rail":1,"biomesoplenty:fir_planks":4,"minecraft:blue_bed":4,"toughasnails:water_canteen":325,"minecraft:golden_apple":2,"farmersdelight:onion":3,"minecraft:sand":3,"minecraft:crafting_table":3,"minecraft:shears":16,"minecraft:diamond_pickaxe":70,"minecraft:bread":107,"minecraft:string":2,"minecraft:iron_pickaxe":35,"minecraft:cobblestone":20,"basicweapons:iron_club":176,"minecraft:potion":8,"travelersbackpack:standard":11,"basicweapons:iron_spear":1,"alexsmobs:animal_dictionary":1,"minecraft:air":1,"biomesoplenty:fir_log":5}},"DataVersion":3465}