{"stats":{"minecraft:mined":{"minecraft:grass":1,"minecraft:oak_log":9},"minecraft:crafted":{"minecraft:oak_planks":36,"minecraft:crafting_table":1,"minecraft:stick":4,"minecraft:wooden_pickaxe":1,"minecraft:wooden_axe":1},"minecraft:picked_up":{"minecraft:oak_log":9,"minecraft:black_wool":1,"minecraft:mutton":7,"minecraft:white_wool":4},"minecraft:used":{"minecraft:wooden_axe":10,"minecraft:crafting_table":1},"minecraft:killed":{"minecraft:sheep":5},"minecraft:custom":{"minecraft:time_since_rest":5520,"minecraft:play_time":5520,"minecraft:sprint_one_cm":12525,"minecraft:damage_taken":60,"minecraft:walk_one_cm":10264,"minecraft:mob_kills":5,"minecraft:jump":89,"minecraft:damage_dealt":400,"minecraft:leave_game":1,"minecraft:time_since_death":5520,"minecraft:walk_on_water_one_cm":910,"minecraft:total_world_time":5520,"minecraft:interact_with_crafting_table":3,"minecraft:fall_one_cm":2642,"minecraft:fly_one_cm":10399}},"DataVersion":3465}