{"stats":{"minecraft:killed_by":{"minecraft:snow_golem":1,"undead_revamp2:sucker":2,"born_in_chaos_v1:baby_skeleton_minion":1,"alexsmobs:crocodile":1,"minecraft:cave_spider":1,"minecraft:zombie":1},"minecraft:picked_up":{"minecraft:charcoal":2,"minecraft:wheat":29,"artifacts:bunny_hoppers":1,"artifacts:umbrella":2,"minecraft:potion":3,"tombstone:grave_key":2,"minecraft:brewing_stand":2,"minecraft:string":18,"minecraft:item_frame":1,"born_in_chaos_v1:intoxicating_decoction":1,"minecraft:spruce_planks":40,"minecraft:iron_pickaxe":4,"minecraft:iron_boots":1,"minecraft:tipped_arrow":3,"minecraft:torch":4,"minecraft:spruce_fence":3,"tombstone:grave_dust":1,"minecraft:arrow":23,"minecraft:rotten_flesh":5,"minecraft:hay_block":59,"minecraft:carved_pumpkin":7,"minecraft:cobblestone":17,"born_in_chaos_v1:staffof_magic_arrows":1,"minecraft:leather_chestplate":1,"minecraft:feather":2,"minecraft:leather":8,"biomesoplenty:fir_log":7,"artifacts:anglers_hat":1,"minecraft:blue_bed":5,"minecraft:lantern":11,"minecraft:cooked_mutton":1,"minecraft:bone":2,"basicweapons:iron_spear":1,"minecraft:bow":1,"minecraft:wheat_seeds":1,"minecraft:powered_rail":1,"minecraft:iron_sword":2,"irons_spellbooks:frozen_bone":19,"minecraft:pumpkin":6,"minecraft:gravel":1,"alexsmobs:crocodile_egg":1,"minecraft:sand":11,"orcz:orcamanita":1,"minecraft:spruce_log":1,"minecraft:spider_eye":4,"minecraft:leather_helmet":1,"minecraft:pumpkin_seeds":24,"toughasnails:water_canteen":1,"born_in_chaos_v1:fire_dust":3,"minecraft:golden_apple":1,"minecraft:emerald":1,"minecraft:bread":1,"minecraft:coal":2,"minecraft:dark_oak_fence":2,"minecraft:diamond_pickaxe":1},"minecraft:crafted":{"minecraft:glass":12,"minecraft:wheat":204,"minecraft:crafting_table":1,"minecraft:spruce_planks":40,"travelersbackpack:backpack_tank":2,"minecraft:bread":75,"minecraft:air":0,"biomesoplenty:fir_planks":8,"minecraft:shears":1,"toughasnails:empty_canteen":1},"minecraft:killed":{"minecraft:cave_spider":8,"minecraft:spider":14,"born_in_chaos_v1:skeleton_thrasher_not_despawn":1,"born_in_chaos_v1:baby_skeleton_minion":7,"born_in_chaos_v1:maggot":2,"born_in_chaos_v1:firelight_not_despawn":2,"born_in_chaos_v1:bone_imp_minion":8,"undead_revamp2:the_moonflower":1,"minecraft:pillager":3,"minecraft:zombie":1,"alexsmobs:crocodile":2,"born_in_chaos_v1:bonescaller_not_despawn":1,"minecraft:stray":8},"minecraft:broken":{"minecraft:leather_helmet":1,"toughasnails:water_canteen":7,"minecraft:leather_chestplate":1},"minecraft:mined":{"orcz:orcamanita":1,"minecraft:brewing_stand":2,"minecraft:carved_pumpkin":7,"minecraft:dark_oak_fence":2,"minecraft:spruce_fence":3,"born_in_chaos_v1:black_argillite_brick_wall":1,"minecraft:spawner":7,"minecraft:hay_block":24,"minecraft:pumpkin":7,"minecraft:iron_bars":6,"minecraft:lantern":11,"minecraft:stone":4,"minecraft:powder_snow":35,"minecraft:campfire":1,"biomesoplenty:sprout":3,"minecraft:blue_bed":4,"minecraft:wall_torch":3,"minecraft:spruce_log":1,"biomesoplenty:fir_log":7,"minecraft:grass":1,"minecraft:coal_ore":2,"minecraft:sand":10,"minecraft:cobweb":4,"minecraft:dispenser":1},"minecraft:dropped":{"minecraft:bread":23,"born_in_chaos_v1:intoxicating_decoction":1,"minecraft:iron_sword":2,"minecraft:feather":2,"artifacts:whoopee_cushion":1,"artifacts:anglers_hat":1,"tombstone:grave_key":3,"minecraft:potion":1,"basicweapons:iron_club":1,"born_in_chaos_v1:staffof_magic_arrows":1,"minecraft:iron_pickaxe":4,"irons_spellbooks:frozen_bone":3,"minecraft:blue_bed":1,"artifacts:bunny_hoppers":1,"toughasnails:empty_canteen":1,"born_in_chaos_v1:fire_dust":2,"alexsmobs:crocodile_egg":1,"minecraft:pumpkin_seeds":16,"minecraft:hay_block":16,"minecraft:tipped_arrow":2,"artifacts:umbrella":2,"minecraft:leather_leggings":1,"minecraft:spider_eye":1},"minecraft:custom":{"lootr:looted_stat":33,"minecraft:mob_kills":61,"minecraft:interact_with_crafting_table":13,"minecraft:open_barrel":13,"minecraft:damage_dealt_resisted":1968,"minecraft:leave_game":2,"minecraft:time_since_death":11988,"minecraft:climb_one_cm":1434,"minecraft:sprint_one_cm":287970,"minecraft:walk_one_cm":602438,"minecraft:damage_blocked_by_shield":490,"minecraft:drop":52,"minecraft:play_time":155749,"minecraft:deaths":9,"minecraft:sneak_time":415,"minecraft:walk_under_water_one_cm":16801,"minecraft:jump":1827,"minecraft:interact_with_brewingstand":4,"minecraft:walk_on_water_one_cm":11702,"minecraft:total_world_time":155749,"minecraft:interact_with_furnace":16,"tombstone:raider_killed":3,"minecraft:sleep_in_bed":11,"minecraft:time_since_rest":11204,"minecraft:damage_taken":4585,"minecraft:damage_absorbed":40,"minecraft:damage_dealt":9175,"minecraft:swim_one_cm":14312,"minecraft:fly_one_cm":343187,"minecraft:open_chest":4,"minecraft:crouch_one_cm":354,"tombstone:undead_killed":27,"minecraft:interact_with_smoker":3,"minecraft:use_cauldron":5,"minecraft:fall_one_cm":27027},"minecraft:used":{"minecraft:carved_pumpkin":7,"minecraft:shield":24,"minecraft:iron_sword":74,"minecraft:torch":2,"toughasnails:empty_canteen":7,"minecraft:lantern":11,"minecraft:item_frame":1,"minecraft:furnace":2,"tombstone:gift":4,"minecraft:pumpkin":6,"minecraft:iron_leggings":1,"minecraft:cooked_mutton":1,"minecraft:snow_block":1,"minecraft:glass_bottle":6,"minecraft:powered_rail":1,"biomesoplenty:fir_planks":4,"minecraft:blue_bed":4,"toughasnails:water_canteen":165,"minecraft:golden_apple":1,"farmersdelight:onion":3,"minecraft:crafting_table":1,"minecraft:shears":10,"minecraft:diamond_pickaxe":1,"minecraft:bread":52,"minecraft:string":2,"minecraft:iron_pickaxe":35,"basicweapons:iron_club":174,"minecraft:cobblestone":12,"minecraft:potion":6,"basicweapons:iron_spear":1,"alexsmobs:animal_dictionary":1,"biomesoplenty:fir_log":5,"minecraft:air":1}},"DataVersion":3465}