{"stats":{"minecraft:killed_by":{"undead_revamp2:sucker":1,"alexsmobs:crocodile":1,"minecraft:cave_spider":1,"born_in_chaos_v1:dread_hound":1,"undead_revamp2:clogger":1},"minecraft:picked_up":{"born_in_chaos_v1:corpse_maggot":2,"minecraft:crafting_table":1,"minecraft:feather":1,"minecraft:lilac":1,"minecraft:chicken":1,"farmersdelight:rice":1,"minecraft:leather_leggings":1,"minecraft:leather":4,"artifacts:bunny_hoppers":1,"artifacts:umbrella":1,"artifacts:anglers_hat":1,"biomesoplenty:fir_log":5,"minecraft:potion":2,"minecraft:shield":1,"minecraft:string":8,"minecraft:blue_bed":4,"minecraft:dirt":5,"basicweapons:iron_club":1,"minecraft:bone":11,"minecraft:bow":1,"minecraft:wheat_seeds":1,"artifacts:whoopee_cushion":1,"minecraft:iron_pickaxe":1,"minecraft:minecart":1,"born_in_chaos_v1:stimulating_decoction":1,"minecraft:iron_sword":1,"born_in_chaos_v1:shattered_skull":1,"irons_spellbooks:frozen_bone":9,"minecraft:pumpkin":1,"minecraft:torch":2,"minecraft:gravel":6,"minecraft:porkchop":1,"minecraft:sand":7,"tombstone:grave_dust":3,"minecraft:spider_eye":4,"minecraft:arrow":3,"minecraft:rotten_flesh":3,"born_in_chaos_v1:fire_dust":1,"minecraft:purple_bed":3,"minecraft:hay_block":15,"minecraft:bread":23,"minecraft:emerald":1,"minecraft:dark_oak_fence":1,"minecraft:mutton":2,"minecraft:iron_bars":6,"minecraft:white_wool":1},"minecraft:crafted":{"minecraft:bread":16,"toughasnails:empty_canteen":1,"minecraft:wheat":81},"minecraft:broken":{"toughasnails:water_canteen":7},"minecraft:killed":{"minecraft:cave_spider":3,"minecraft:pig":1,"minecraft:spider":2,"undead_revamp2:the_moonflower":1,"minecraft:sheep":1,"minecraft:zombie":1,"minecraft:chicken":2,"born_in_chaos_v1:corpse_fly":1},"minecraft:mined":{"minecraft:powder_snow":118,"minecraft:crafting_table":1,"minecraft:dark_oak_fence":2,"minecraft:grass_block":5,"minecraft:spruce_fence":1,"minecraft:rose_bush":1,"minecraft:tall_grass":4,"biomesoplenty:sprout":4,"biomesoplenty:tundra_shrub":6,"minecraft:wall_torch":1,"minecraft:blue_bed":4,"minecraft:large_fern":2,"minecraft:hay_block":16,"minecraft:purple_bed":3,"minecraft:powered_rail":1,"farmersdelight:wild_rice":2,"minecraft:pumpkin":1,"biomesoplenty:fir_log":5,"minecraft:grass":7,"biomesoplenty:fir_leaves":1,"minecraft:sand":8,"minecraft:gravel":6,"minecraft:dirt":1,"minecraft:oak_leaves":1,"minecraft:fern":5},"minecraft:dropped":{"minecraft:iron_sword":1,"born_in_chaos_v1:mint_candy":2,"minecraft:minecart":1,"minecraft:iron_boots":1,"minecraft:leather":3,"artifacts:anglers_hat":1,"minecraft:leather_helmet":1,"minecraft:leather_chestplate":1,"artifacts:umbrella":1,"minecraft:torch":2,"tombstone:grave_key":3,"minecraft:iron_bars":6,"minecraft:iron_pickaxe":1,"artifacts:bunny_hoppers":1,"basicweapons:iron_spear":1},"minecraft:custom":{"minecraft:interact_with_furnace":1,"lootr:looted_stat":28,"minecraft:mob_kills":15,"minecraft:interact_with_crafting_table":4,"minecraft:open_barrel":8,"minecraft:damage_dealt_resisted":657,"minecraft:leave_game":1,"minecraft:time_since_death":2546,"minecraft:sleep_in_bed":11,"minecraft:climb_one_cm":1163,"minecraft:time_since_rest":1704,"minecraft:sprint_one_cm":216464,"minecraft:damage_taken":2920,"minecraft:walk_one_cm":575744,"minecraft:drop":19,"minecraft:damage_dealt":1895,"minecraft:swim_one_cm":7570,"minecraft:fly_one_cm":186328,"minecraft:open_chest":3,"minecraft:crouch_one_cm":404,"minecraft:play_time":123730,"tombstone:undead_killed":2,"minecraft:deaths":7,"minecraft:sneak_time":106,"minecraft:walk_under_water_one_cm":11334,"minecraft:jump":1160,"minecraft:walk_on_water_one_cm":21548,"minecraft:total_world_time":123730,"minecraft:fall_one_cm":51688},"minecraft:used":{"minecraft:glass_bottle":1,"born_in_chaos_v1:intoxicating_decoction":2,"minecraft:iron_sword":17,"born_in_chaos_v1:stimulating_decoction":1,"minecraft:blue_bed":4,"toughasnails:water_canteen":66,"minecraft:dirt":1,"minecraft:mutton":2,"minecraft:crafting_table":1,"toughasnails:empty_canteen":8,"minecraft:snowball":6,"born_in_chaos_v1:monster_flesh":1,"minecraft:lantern":7,"minecraft:bread":25,"born_in_chaos_v1:mint_candy":1,"minecraft:gravel":2,"basicweapons:iron_quarterstaff":14,"basicweapons:iron_club":115,"minecraft:potion":2,"minecraft:hay_block":5,"minecraft:purple_bed":3,"basicweapons:iron_spear":3,"alexsmobs:animal_dictionary":6}},"DataVersion":3465}