{"stats":{"minecraft:killed_by":{"minecraft:vindicator":2,"alexsmobs:crocodile":1,"minecraft:skeleton":2,"minecraft:spider":1,"minecraft:zombie":1,"alexsmobs:capuchin_monkey":1},"minecraft:killed":{"minecraft:pig":3,"undead_revamp2:axestrom":1,"minecraft:skeleton":2,"minecraft:pillager":1,"minecraft:zombie":3,"minecraft:chicken":1,"alexsmobs:capuchin_monkey":1,"alexsmobs:fly":2,"born_in_chaos_v1:corpse_fish":2},"minecraft:picked_up":{"minecraft:feather":1,"minecraft:azure_bluet":2,"minecraft:andesite":2,"alexscaves:cave_tablet":2,"rats:rat_breeding_lantern":1,"minecraft:red_bed":1,"minecraft:dirt":1,"minecraft:string":1,"minecraft:dark_oak_trapdoor":2,"minecraft:bone":1,"croptopia:corn":1,"chococraft:gysahl_green":26,"minecraft:wheat_seeds":1,"minecraft:rose_bush":1,"minecraft:bamboo":32,"minecraft:raw_iron":6,"croptopia:corn_seed":2,"minecraft:sweet_berries":2,"minecraft:dandelion":1,"minecraft:gravel":1,"minecraft:porkchop":1,"chococraft:gysahl_green_seeds":8,"minecraft:white_bed":5,"minecraft:spruce_log":14,"minecraft:mossy_cobblestone":1,"minecraft:rotten_flesh":3,"minecraft:arrow":5,"croptopia:cantaloupe_seed":2,"simplyswords:iron_scythe":1,"minecraft:diamond":1,"minecraft:spruce_sign":4,"simplyswords:gold_twinblade":1,"minecraft:emerald":1,"alexsmobs:maggot":1,"minecraft:baked_potato":1,"minecraft:dark_oak_fence":1,"minecraft:coal":14,"minecraft:cobblestone":20},"minecraft:dropped":{"minecraft:iron_ingot":7,"alexsmobs:animal_dictionary":1,"minecraft:diamond":1,"alexscaves:cave_tablet":1,"simplyswords:gold_twinblade":2,"minecraft:red_bed":1,"minecraft:dirt":1,"simplyswords:iron_scythe":1,"artifacts:superstitious_hat":1,"rats:rat_breeding_lantern":1},"minecraft:crafted":{"minecraft:wooden_sword":1,"minecraft:rabbit_stew":1,"minecraft:spruce_planks":20,"minecraft:wooden_pickaxe":1,"minecraft:iron_sword":1,"minecraft:furnace":1,"minecraft:iron_axe":1,"minecraft:stick":12,"minecraft:iron_ingot":8,"minecraft:stone_pickaxe":1,"minecraft:wooden_axe":1,"minecraft:stone_sword":1},"minecraft:used":{"minecraft:stone_sword":21,"minecraft:stone_pickaxe":33,"minecraft:baked_potato":1,"minecraft:spruce_planks":5,"minecraft:wooden_pickaxe":16,"minecraft:iron_sword":31,"minecraft:spruce_sign":1,"minecraft:rotten_flesh":1,"minecraft:mossy_cobblestone":1,"simplyswords:gold_twinblade":7,"minecraft:crossbow":5,"minecraft:white_bed":4,"minecraft:spruce_log":2,"rats:raw_rat":2,"minecraft:wooden_axe":1,"chococraft:gysahl_green_seeds":1,"minecraft:iron_axe":17,"minecraft:bread":25,"minecraft:gravel":1,"minecraft:wooden_sword":1,"simplyswords:iron_scythe":45,"minecraft:sweet_berries":3,"minecraft:furnace":1,"minecraft:andesite":2,"tombstone:gift":2,"alexsmobs:animal_dictionary":6,"chococraft:gysahl_green":19},"minecraft:mined":{"croptopia:cantaloupe_crop":1,"minecraft:white_bed":5,"minecraft:mossy_cobblestone":1,"minecraft:kelp_plant":1,"alexsmobs:leafcutter_anthill":1,"minecraft:dandelion":1,"minecraft:powder_snow":1,"minecraft:dark_oak_fence":2,"minecraft:grass_block":3,"minecraft:rose_bush":1,"minecraft:coal_block":1,"minecraft:tall_grass":1,"minecraft:spruce_leaves":6,"biomesoplenty:sprout":1,"minecraft:spruce_sign":1,"minecraft:large_fern":2,"minecraft:dark_oak_trapdoor":2,"minecraft:iron_ore":6,"croptopia:corn_crop":1,"minecraft:sweet_berry_bush":1,"minecraft:spruce_log":13,"minecraft:andesite":2,"minecraft:brown_bed":1,"biomesoplenty:hanging_cobweb":1,"minecraft:grass":12,"biomesoplenty:clover":1,"minecraft:coal_ore":14,"minecraft:gravel":1,"biomesoplenty:stringy_cobweb":2,"minecraft:cobweb":1,"minecraft:bamboo":5,"minecraft:stone":20,"minecraft:fern":6},"minecraft:custom":{"minecraft:interact_with_furnace":6,"lootr:looted_stat":33,"minecraft:mob_kills":16,"tombstone:raider_killed":1,"minecraft:traded_with_villager":1,"minecraft:interact_with_crafting_table":17,"minecraft:leave_game":6,"minecraft:time_since_death":4520,"minecraft:sleep_in_bed":4,"minecraft:climb_one_cm":849,"minecraft:time_since_rest":2088,"minecraft:sprint_one_cm":307603,"minecraft:damage_taken":4200,"minecraft:walk_one_cm":303218,"minecraft:drop":11,"minecraft:damage_dealt":2590,"minecraft:talked_to_villager":3,"minecraft:swim_one_cm":36785,"minecraft:fly_one_cm":224899,"minecraft:open_chest":1,"minecraft:crouch_one_cm":950,"minecraft:play_time":140029,"tombstone:undead_killed":5,"minecraft:deaths":10,"minecraft:sneak_time":1120,"minecraft:walk_under_water_one_cm":39361,"minecraft:boat_one_cm":112924,"minecraft:jump":1648,"minecraft:walk_on_water_one_cm":92198,"minecraft:total_world_time":140029,"minecraft:fall_one_cm":55412}},"DataVersion":3465}