{"stats":{"minecraft:custom":{"minecraft:interact_with_furnace":17,"minecraft:mob_kills":23,"minecraft:interact_with_crafting_table":16,"minecraft:leave_game":3,"minecraft:time_since_death":3658,"minecraft:climb_one_cm":684,"minecraft:time_since_rest":26770,"minecraft:sprint_one_cm":233716,"minecraft:damage_absorbed":20,"minecraft:damage_taken":2003,"minecraft:walk_one_cm":333879,"minecraft:drop":11,"minecraft:damage_dealt":3332,"minecraft:swim_one_cm":11636,"minecraft:fly_one_cm":102962,"minecraft:open_chest":3,"minecraft:crouch_one_cm":439,"minecraft:play_time":131646,"minecraft:deaths":4,"minecraft:sneak_time":295,"minecraft:walk_under_water_one_cm":14355,"minecraft:jump":941,"minecraft:walk_on_water_one_cm":35017,"minecraft:total_world_time":131646,"minecraft:fall_one_cm":24998},"minecraft:killed":{"minecraft:armadillo":1,"minecraft:pig":3,"minecraft:spider":3,"minecraft:skeleton":4,"minecraft:zombie":6,"minecraft:chicken":2,"minecraft:cow":2},"minecraft:picked_up":{"minecraft:wooden_axe":2,"minecraft:birch_log":2,"minecraft:crafting_table":3,"minecraft:cooked_beef":1,"minecraft:andesite":9,"minecraft:leather":15,"minecraft:diamond_sword":3,"minecraft:wooden_pickaxe":1,"minecraft:tuff":6,"minecraft:oak_log":48,"minecraft:cobblestone_wall":6,"minecraft:lapis_lazuli":66,"minecraft:wooden_hoe":1,"minecraft:dirt":6,"minecraft:string":46,"minecraft:wooden_sword":2,"minecraft:acacia_planks":9,"minecraft:wheat_seeds":1,"minecraft:cobbled_deepslate":15,"minecraft:detector_rail":2,"minecraft:beef":4,"minecraft:stone_pickaxe":4,"minecraft:sugar_cane":1,"minecraft:egg":1,"minecraft:furnace":2,"minecraft:raw_iron":3,"minecraft:stick":17,"minecraft:torch":17,"minecraft:acacia_log":7,"minecraft:gravel":2,"minecraft:porkchop":9,"minecraft:redstone":10,"minecraft:mossy_cobblestone":4,"minecraft:stone_sword":4,"minecraft:arrow":10,"minecraft:rotten_flesh":15,"minecraft:stone_axe":3,"minecraft:granite":8,"minecraft:golden_apple":1,"minecraft:bread":2,"minecraft:glow_berries":1,"minecraft:obsidian":49,"minecraft:coal":1,"minecraft:rail":9,"minecraft:cobblestone":300,"minecraft:diamond_pickaxe":2},"minecraft:mined":{"minecraft:deepslate_redstone_ore":2,"minecraft:tuff":3,"minecraft:mossy_cobblestone":2,"minecraft:obsidian":33,"minecraft:crafting_table":1,"minecraft:torch":1,"minecraft:short_grass":21,"minecraft:acacia_log":8,"minecraft:grass_block":5,"minecraft:cobblestone":1,"minecraft:sugar_cane":1,"minecraft:wall_torch":2,"minecraft:birch_log":2,"minecraft:andesite":9,"minecraft:deepslate_lapis_ore":3,"minecraft:cave_vines":1,"minecraft:oak_log":25,"minecraft:rail":1,"minecraft:gravel":1,"minecraft:dirt":2,"minecraft:cobweb":12,"minecraft:acacia_planks":7,"minecraft:stone":165,"minecraft:oak_leaves":1,"minecraft:deepslate":12},"minecraft:crafted":{"minecraft:cooked_beef":7,"minecraft:wooden_sword":1,"minecraft:oak_planks":8,"minecraft:crafting_table":2,"minecraft:wooden_pickaxe":1,"minecraft:stone_axe":2,"minecraft:cooked_mutton":4,"minecraft:wooden_hoe":1,"minecraft:stick":24,"minecraft:stone_pickaxe":5,"minecraft:wooden_axe":1,"minecraft:cobblestone_wall":6,"minecraft:stone_sword":2,"minecraft:acacia_planks":24,"minecraft:torch":4},"minecraft:dropped":{"minecraft:iron_ingot":3,"minecraft:bread":1,"minecraft:stone_axe":1,"minecraft:stone_sword":1,"minecraft:acacia_log":1,"minecraft:dirt":1,"minecraft:torch":14,"minecraft:stone_pickaxe":1,"minecraft:birch_log":2,"minecraft:acacia_planks":2},"minecraft:used":{"minecraft:wheat_seeds":1,"minecraft:stone_sword":75,"minecraft:stone_pickaxe":178,"minecraft:wooden_pickaxe":14,"minecraft:rotten_flesh":6,"minecraft:torch":7,"minecraft:golden_apple":1,"minecraft:dirt":5,"minecraft:rail":1,"minecraft:crafting_table":2,"minecraft:obsidian":9,"minecraft:wooden_hoe":27,"minecraft:wooden_axe":31,"minecraft:diamond_pickaxe":48,"minecraft:bread":1,"minecraft:stone_axe":27,"minecraft:wooden_sword":14,"minecraft:diamond_sword":45,"minecraft:cobblestone":60,"minecraft:porkchop":4,"minecraft:furnace":2,"minecraft:andesite":9,"minecraft:egg":1,"minecraft:cooked_beef":7,"minecraft:cobbled_deepslate":1,"minecraft:acacia_planks":9,"minecraft:cooked_mutton":4},"minecraft:killed_by":{"minecraft:skeleton":1,"minecraft:zombie":3}},"DataVersion":3839}