{"stats":{"minecraft:killed_by":{"undead_revamp2:sucker":1,"undead_revamp2:clogger":1,"golemfirststonemod:entity_golem_cobble":2,"alexsmobs:crocodile":1,"minecraft:cave_spider":1,"born_in_chaos_v1:bonescaller_not_despawn":1,"born_in_chaos_v1:dread_hound":1},"minecraft:picked_up":{"minecraft:crafting_table":1,"minecraft:chicken":1,"born_in_chaos_v1:seedof_chaos":2,"minecraft:leather_leggings":1,"artifacts:bunny_hoppers":1,"artifacts:umbrella":2,"born_in_chaos_v1:black_argillite_brick_wall":1,"minecraft:potion":2,"magistuarmory:barding":1,"minecraft:shield":1,"minecraft:string":28,"minecraft:dead_tube_coral_block":2,"minecraft:iron_pickaxe":2,"minecraft:minecart":1,"born_in_chaos_v1:stimulating_decoction":1,"minecraft:tipped_arrow":2,"born_in_chaos_v1:shattered_skull":1,"minecraft:torch":2,"minecraft:porkchop":1,"tombstone:grave_dust":5,"toughasnails:empty_canteen":1,"minecraft:arrow":4,"minecraft:rotten_flesh":4,"minecraft:hay_block":15,"minecraft:mutton":4,"minecraft:iron_bars":6,"minecraft:white_wool":3,"minecraft:cobblestone":13,"golemfirststonemod:item_flame_of_creation_blue":3,"born_in_chaos_v1:corpse_maggot":2,"born_in_chaos_v1:staffof_magic_arrows":2,"minecraft:leather_chestplate":1,"minecraft:feather":1,"minecraft:lilac":3,"farmersdelight:rice":1,"minecraft:leather":4,"artifacts:anglers_hat":1,"biomesoplenty:fir_log":5,"minecraft:dirt":5,"minecraft:blue_bed":4,"minecraft:lantern":2,"basicweapons:iron_club":1,"minecraft:bone":20,"basicweapons:iron_spear":1,"minecraft:bow":3,"minecraft:wheat_seeds":1,"artifacts:whoopee_cushion":1,"minecraft:cobweb":3,"minecraft:iron_sword":1,"irons_spellbooks:frozen_bone":23,"minecraft:pumpkin":1,"born_in_chaos_v1:orbofthe_summoner":1,"minecraft:gravel":6,"minecraft:sand":7,"minecraft:spider_eye":5,"minecraft:purple_bed":3,"born_in_chaos_v1:fire_dust":1,"minecraft:golden_apple":2,"minecraft:emerald":1,"minecraft:bread":23,"born_in_chaos_v1:rotten_fish":1,"minecraft:dark_oak_fence":1},"minecraft:crafted":{"minecraft:wheat":81,"minecraft:bread":16,"toughasnails:empty_canteen":1},"minecraft:broken":{"toughasnails:water_canteen":10,"minecraft:iron_helmet":1},"minecraft:killed":{"minecraft:cave_spider":3,"minecraft:spider":3,"born_in_chaos_v1:baby_skeleton_minion":1,"minecraft:chicken":2,"born_in_chaos_v1:corpse_fish":1,"minecraft:pig":1,"born_in_chaos_v1:bone_imp_minion":5,"undead_revamp2:the_moonflower":1,"minecraft:sheep":3,"minecraft:zombie":2,"born_in_chaos_v1:corpse_fly":1,"minecraft:stray":1},"minecraft:mined":{"minecraft:dead_horn_coral":1,"minecraft:dark_oak_fence":2,"minecraft:spruce_fence":1,"minecraft:grass_block":5,"minecraft:dead_tube_coral_block":2,"minecraft:weeping_vines":1,"biomesoplenty:tundra_shrub":6,"minecraft:hay_block":16,"minecraft:large_fern":2,"minecraft:weeping_vines_plant":2,"farmersdelight:wild_rice":2,"minecraft:pumpkin":1,"minecraft:stone":13,"minecraft:powder_snow":118,"minecraft:crafting_table":1,"minecraft:rose_bush":1,"minecraft:tall_grass":4,"biomesoplenty:sprout":11,"minecraft:blue_bed":4,"minecraft:wall_torch":1,"minecraft:chain":1,"minecraft:purple_bed":3,"minecraft:powered_rail":1,"biomesoplenty:fir_log":5,"minecraft:grass":7,"minecraft:dead_brain_coral_block":1,"biomesoplenty:fir_leaves":1,"minecraft:gravel":6,"minecraft:sand":8,"minecraft:dirt":1,"minecraft:oak_leaves":1,"minecraft:fern":5},"minecraft:dropped":{"golemfirststonemod:item_flame_of_creation_blue":5,"minecraft:iron_sword":1,"toughasnails:water_canteen":1,"born_in_chaos_v1:shattered_skull":1,"minecraft:wheat_seeds":1,"born_in_chaos_v1:mint_candy":2,"minecraft:glass_bottle":3,"minecraft:minecart":1,"minecraft:cobblestone":13,"born_in_chaos_v1:orbofthe_summoner":1,"minecraft:lantern":2,"minecraft:leather":3,"minecraft:saddle":1,"artifacts:anglers_hat":1,"minecraft:leather_helmet":1,"minecraft:golden_apple":3,"minecraft:cobweb":3,"minecraft:torch":2,"tombstone:grave_key":3,"tombstone:grave_dust":4,"minecraft:potion":1,"born_in_chaos_v1:black_argillite_brick_wall":1,"born_in_chaos_v1:staffof_magic_arrows":1,"minecraft:iron_pickaxe":2,"minecraft:string":14,"minecraft:white_wool":2,"artifacts:bunny_hoppers":1,"minecraft:iron_boots":1,"minecraft:leather_chestplate":3,"artifacts:umbrella":2,"minecraft:diamond_pickaxe":1,"born_in_chaos_v1:corpse_maggot":1,"minecraft:spider_eye":6,"minecraft:iron_bars":6,"minecraft:arrow":4,"basicweapons:iron_spear":1},"minecraft:custom":{"lootr:looted_stat":34,"minecraft:mob_kills":34,"minecraft:interact_with_crafting_table":4,"minecraft:open_barrel":8,"minecraft:damage_dealt_resisted":1251,"minecraft:leave_game":1,"minecraft:time_since_death":7773,"minecraft:climb_one_cm":1163,"minecraft:sprint_one_cm":238916,"minecraft:walk_one_cm":830964,"minecraft:drop":52,"minecraft:play_time":171730,"minecraft:deaths":10,"minecraft:sneak_time":106,"minecraft:walk_under_water_one_cm":12026,"minecraft:jump":1382,"minecraft:walk_on_water_one_cm":25285,"minecraft:total_world_time":171730,"minecraft:interact_with_furnace":1,"minecraft:sleep_in_bed":11,"minecraft:time_since_rest":7497,"minecraft:damage_taken":4887,"minecraft:damage_absorbed":40,"minecraft:damage_dealt":5904,"minecraft:swim_one_cm":11272,"minecraft:fly_one_cm":200940,"minecraft:open_chest":3,"minecraft:crouch_one_cm":404,"tombstone:undead_killed":10,"minecraft:fall_one_cm":55852},"minecraft:used":{"born_in_chaos_v1:intoxicating_decoction":2,"minecraft:iron_sword":48,"minecraft:dirt":1,"minecraft:mutton":2,"toughasnails:empty_canteen":12,"minecraft:snowball":6,"minecraft:lantern":7,"born_in_chaos_v1:mint_candy":1,"born_in_chaos_v1:nightmare_scythe":7,"basicweapons:iron_quarterstaff":72,"minecraft:hay_block":5,"minecraft:glass_bottle":1,"minecraft:blue_bed":4,"born_in_chaos_v1:stimulating_decoction":1,"toughasnails:water_canteen":175,"minecraft:golden_apple":1,"minecraft:crafting_table":1,"born_in_chaos_v1:monster_flesh":1,"minecraft:bread":47,"minecraft:iron_pickaxe":19,"born_in_chaos_v1:staffof_magic_arrows":51,"minecraft:gravel":2,"basicweapons:iron_club":115,"minecraft:potion":2,"minecraft:purple_bed":3,"basicweapons:iron_spear":94,"alexsmobs:animal_dictionary":6}},"DataVersion":3465}