{"stats":{"minecraft:custom":{"minecraft:interact_with_furnace":17,"minecraft:mob_kills":27,"minecraft:interact_with_crafting_table":20,"minecraft:leave_game":3,"minecraft:time_since_death":4376,"minecraft:climb_one_cm":684,"minecraft:time_since_rest":4522,"minecraft:sprint_one_cm":262392,"minecraft:damage_absorbed":20,"minecraft:damage_taken":2983,"minecraft:walk_one_cm":426824,"minecraft:drop":12,"minecraft:damage_dealt":4177,"minecraft:swim_one_cm":11636,"minecraft:fly_one_cm":123801,"minecraft:open_chest":5,"minecraft:crouch_one_cm":439,"minecraft:play_time":150988,"minecraft:deaths":7,"minecraft:sneak_time":458,"minecraft:walk_under_water_one_cm":14355,"minecraft:jump":1159,"minecraft:walk_on_water_one_cm":42848,"minecraft:total_world_time":150988,"minecraft:fall_one_cm":28988},"minecraft:killed":{"minecraft:armadillo":1,"minecraft:pig":3,"minecraft:spider":3,"minecraft:skeleton":4,"minecraft:zombie":10,"minecraft:chicken":2,"minecraft:cow":2},"minecraft:picked_up":{"minecraft:wooden_axe":2,"minecraft:birch_log":2,"minecraft:crafting_table":3,"minecraft:cooked_beef":1,"minecraft:andesite":9,"minecraft:leather":15,"minecraft:diamond_sword":3,"minecraft:wooden_pickaxe":1,"minecraft:potato":1,"minecraft:tuff":6,"minecraft:oak_log":83,"minecraft:cobblestone_wall":25,"minecraft:lapis_lazuli":195,"minecraft:wooden_hoe":1,"minecraft:dirt":6,"minecraft:string":94,"minecraft:wooden_sword":2,"minecraft:acacia_planks":9,"minecraft:wheat_seeds":1,"minecraft:cobbled_deepslate":15,"minecraft:detector_rail":2,"minecraft:beef":4,"minecraft:stone_pickaxe":4,"minecraft:sugar_cane":1,"minecraft:egg":1,"minecraft:furnace":2,"minecraft:raw_iron":21,"minecraft:stick":17,"minecraft:torch":17,"minecraft:acacia_log":7,"minecraft:gravel":2,"minecraft:porkchop":9,"minecraft:redstone":10,"minecraft:mossy_cobblestone":4,"minecraft:stone_sword":4,"minecraft:arrow":14,"minecraft:rotten_flesh":19,"minecraft:tropical_fish":2,"minecraft:stone_axe":3,"minecraft:granite":9,"minecraft:golden_apple":1,"minecraft:bread":2,"minecraft:glow_berries":2,"minecraft:obsidian":49,"minecraft:coal":3,"minecraft:rail":21,"minecraft:cobblestone":523,"minecraft:diamond_pickaxe":5},"minecraft:mined":{"minecraft:deepslate_redstone_ore":2,"minecraft:tuff":3,"minecraft:mossy_cobblestone":2,"minecraft:obsidian":33,"minecraft:crafting_table":1,"minecraft:torch":1,"minecraft:short_grass":21,"minecraft:acacia_log":8,"minecraft:grass_block":5,"minecraft:cobblestone":5,"minecraft:lapis_ore":4,"minecraft:sugar_cane":1,"minecraft:wall_torch":2,"minecraft:cobblestone_wall":1,"minecraft:birch_log":2,"minecraft:iron_ore":6,"minecraft:andesite":9,"minecraft:deepslate_lapis_ore":3,"minecraft:cave_vines":1,"minecraft:oak_log":25,"minecraft:rail":1,"minecraft:gravel":1,"minecraft:dirt":2,"minecraft:cobweb":12,"minecraft:acacia_planks":7,"minecraft:stone":180,"minecraft:oak_leaves":1,"minecraft:deepslate":12},"minecraft:crafted":{"minecraft:cooked_beef":7,"minecraft:wooden_sword":1,"minecraft:oak_planks":48,"minecraft:crafting_table":4,"minecraft:wooden_pickaxe":1,"minecraft:stone_axe":2,"minecraft:cooked_mutton":4,"minecraft:wooden_hoe":1,"minecraft:stick":24,"minecraft:stone_pickaxe":5,"minecraft:wooden_axe":1,"minecraft:cobblestone_wall":6,"minecraft:stone_sword":2,"minecraft:acacia_planks":24,"minecraft:torch":4},"minecraft:dropped":{"minecraft:iron_ingot":3,"minecraft:bread":1,"minecraft:stone_axe":1,"minecraft:stone_sword":1,"minecraft:crafting_table":1,"minecraft:acacia_log":1,"minecraft:dirt":1,"minecraft:torch":14,"minecraft:stone_pickaxe":1,"minecraft:birch_log":2,"minecraft:acacia_planks":2},"minecraft:used":{"minecraft:wheat_seeds":1,"minecraft:stone_sword":75,"minecraft:tropical_fish":2,"minecraft:redstone":1,"minecraft:stone_pickaxe":178,"minecraft:wooden_pickaxe":14,"minecraft:rotten_flesh":9,"minecraft:torch":7,"minecraft:golden_apple":1,"minecraft:glow_berries":1,"minecraft:dirt":5,"minecraft:rail":1,"minecraft:crafting_table":3,"minecraft:cobblestone_wall":2,"minecraft:obsidian":9,"minecraft:oak_log":1,"minecraft:wooden_hoe":27,"minecraft:wooden_axe":31,"minecraft:diamond_pickaxe":92,"minecraft:bread":1,"minecraft:stone_axe":27,"minecraft:wooden_sword":14,"minecraft:diamond_sword":60,"minecraft:cobblestone":65,"minecraft:porkchop":4,"minecraft:furnace":2,"minecraft:andesite":9,"minecraft:egg":1,"minecraft:potato":1,"minecraft:cooked_beef":7,"minecraft:cobbled_deepslate":1,"minecraft:acacia_planks":9,"minecraft:cooked_mutton":4},"minecraft:killed_by":{"minecraft:skeleton":2,"minecraft:zombie":5}},"DataVersion":3839}