{"stats":{"minecraft:mined":{"farmersdelight:rich_soil":3,"minecraft:dead_horn_coral":1,"minecraft:grass_block":75,"minecraft:dead_tube_coral_block":2,"biomesoplenty:flowering_oak_leaves":4,"minecraft:coal_block":1,"minecraft:weeping_vines_plant":2,"minecraft:tall_seagrass":1,"farmersdelight:wild_rice":2,"minecraft:fire":5,"biomesoplenty:lavender":5,"minecraft:pumpkin":1,"minecraft:dirt_path":1,"minecraft:iron_block":1,"minecraft:kelp_plant":1,"minecraft:powder_snow":122,"minecraft:cobblestone":1,"minecraft:wall_torch":2,"minecraft:seagrass":1,"minecraft:chain":1,"minecraft:powered_rail":1,"minecraft:birch_log":6,"minecraft:wheat":1,"minecraft:lilac":2,"biomesoplenty:fir_log":5,"minecraft:grass":34,"minecraft:sand":103,"minecraft:dirt":85,"minecraft:oak_leaves":13,"minecraft:mossy_cobblestone":9,"minecraft:oak_door":1,"minecraft:dark_oak_fence":2,"biomesoplenty:bush":6,"minecraft:spruce_fence":1,"minecraft:yellow_candle":1,"minecraft:weeping_vines":1,"minecraft:spruce_leaves":1,"minecraft:red_mushroom":1,"biomesoplenty:tundra_shrub":6,"biomesoplenty:dune_grass":1,"farmersdelight:red_mushroom_colony":2,"minecraft:large_fern":2,"minecraft:hay_block":18,"minecraft:carrots":6,"biomesoplenty:sea_oats":3,"minecraft:potatoes":1,"biomesoplenty:high_grass":1,"minecraft:stone":22,"minecraft:white_wool":3,"minecraft:podzol":1,"minecraft:birch_stairs":1,"minecraft:scaffolding":1,"minecraft:redstone_block":1,"minecraft:dandelion":1,"minecraft:oak_fence":1,"minecraft:crafting_table":1,"minecraft:rose_bush":2,"biomesoplenty:high_grass_plant":13,"minecraft:tall_grass":14,"minecraft:copper_ore":1,"biomesoplenty:sprout":13,"minecraft:lily_pad":1,"minecraft:blue_bed":4,"minecraft:purple_bed":3,"minecraft:ice":7,"minecraft:spruce_log":7,"minecraft:white_carpet":1,"minecraft:birch_leaves":7,"minecraft:yellow_bed":2,"minecraft:dead_brain_coral_block":1,"minecraft:coal_ore":3,"biomesoplenty:fir_leaves":1,"minecraft:gravel":6,"minecraft:fern":5},"minecraft:crafted":{"minecraft:iron_helmet":1,"minecraft:iron_chestplate":1,"born_in_chaos_v1:smoked_flesh":1,"toughasnails:empty_canteen":1,"minecraft:redstone":9,"minecraft:coal":9,"minecraft:flint_and_steel":1,"minecraft:wheat":81,"minecraft:bread":16},"minecraft:killed":{"alexsmobs:lobster":1,"minecraft:cave_spider":3,"born_in_chaos_v1:zombie_lumberjack":2,"enemyexpansion:equestrian":1,"minecraft:spider":4,"born_in_chaos_v1:siamese_skeletonsright":1,"born_in_chaos_v1:baby_skeleton_minion":1,"alexsmobs:banana_slug":1,"minecraft:chicken":2,"minecraft:cat":1,"minecraft:pig":3,"born_in_chaos_v1:glutton_fish":2,"minecraft:creeper":1,"minecraft:sheep":6,"minecraft:pillager":2,"minecraft:zombie":5,"born_in_chaos_v1:corpse_fly":7,"enemyexpansion:botfly":1,"minecraft:stray":1,"born_in_chaos_v1:siamese_skeletonsleft":1,"alexsmobs:raccoon":1,"enemyexpansion:direwolf":2,"minecraft:drowned":1,"born_in_chaos_v1:corpse_fish":12,"undead_revamp2:sucker":1,"alexsmobs:flying_fish":4,"born_in_chaos_v1:bone_imp_minion":5,"undead_revamp2:the_moonflower":2,"enemyexpansion:sprinter":1,"born_in_chaos_v1:decrepit_skeleton":1},"minecraft:used":{"born_in_chaos_v1:intoxicating_decoction":4,"minecraft:shield":17,"minecraft:iron_sword":56,"minecraft:rotten_flesh":5,"minecraft:mutton":2,"minecraft:snowball":6,"born_in_chaos_v1:smoked_flesh":1,"minecraft:lantern":9,"born_in_chaos_v1:mint_candy":1,"basicweapons:iron_quarterstaff":72,"minecraft:bow":2,"minecraft:hay_block":5,"minecraft:sweet_berries":5,"tombstone:scroll_of_true_sight":1,"minecraft:blue_bed":4,"toughasnails:water_canteen":513,"minecraft:white_wool":5,"minecraft:golden_apple":1,"minecraft:sand":3,"born_in_chaos_v1:monster_flesh":1,"minecraft:bread":84,"born_in_chaos_v1:staffof_magic_arrows":55,"minecraft:gravel":2,"minecraft:coal_block":1,"basicweapons:iron_club":127,"born_in_chaos_v1:rotten_fish":8,"minecraft:air":1,"minecraft:experience_bottle":2,"tombstone:scroll_of_lightning_resistance":1,"minecraft:flint_and_steel":32,"farmersdelight:rich_soil":1,"minecraft:oak_door":1,"minecraft:dirt":109,"toughasnails:empty_canteen":17,"minecraft:iron_block":1,"born_in_chaos_v1:nightmare_scythe":357,"tombstone:gift":1,"minecraft:iron_leggings":1,"minecraft:cooked_mutton":3,"minecraft:glass_bottle":29,"born_in_chaos_v1:stimulating_decoction":3,"minecraft:crafting_table":1,"minecraft:apple":27,"tombstone:tablet_of_assistance":30,"minecraft:iron_pickaxe":67,"minecraft:cobblestone":6,"minecraft:potion":34,"minecraft:purple_bed":3,"toughasnails:purified_water_bottle":1,"toughasnails:purified_water_canteen":11,"basicweapons:iron_spear":107,"minecraft:yellow_bed":1,"alexsmobs:animal_dictionary":6},"minecraft:picked_up":{"minecraft:redstone_block":1,"artifacts:bunny_hoppers":1,"artifacts:umbrella":2,"born_in_chaos_v1:black_argillite_brick_wall":1,"minecraft:potion":2,"magistuarmory:barding":1,"alexsmobs:ancient_dart":1,"minecraft:string":28,"minecraft:dead_tube_coral_block":2,"minecraft:raw_copper":5,"minecraft:iron_leggings":1,"minecraft:experience_bottle":1,"minecraft:bucket":1,"minecraft:rose_bush":1,"minecraft:iron_pickaxe":2,"born_in_chaos_v1:stimulating_decoction":3,"minecraft:coal_block":2,"minecraft:tipped_arrow":2,"born_in_chaos_v1:shattered_skull":1,"minecraft:oak_fence":1,"minecraft:torch":2,"minecraft:porkchop":2,"tombstone:grave_dust":7,"minecraft:rotten_flesh":26,"artifacts:villager_hat":1,"born_in_chaos_v1:sea_terror_eye":2,"minecraft:iron_block":1,"wardrobe:white_scarf":1,"minecraft:iron_bars":6,"undead_revamp2:arapholia":1,"alexsmobs:flying_fish":2,"minecraft:cobblestone":30,"minecraft:birch_log":7,"born_in_chaos_v1:staffof_magic_arrows":2,"minecraft:leather_chestplate":3,"minecraft:feather":1,"minecraft:lilac":4,"farmersdelight:rice":1,"born_in_chaos_v1:spiritual_dust":2,"minecraft:potato":4,"biomesoplenty:fir_log":5,"minecraft:flint":2,"undead_revamp2:huntereye":1,"minecraft:dirt":231,"minecraft:lantern":4,"basicweapons:iron_club":1,"minecraft:bone":29,"basicweapons:iron_spear":1,"minecraft:bow":3,"minecraft:wheat_seeds":3,"toughasnails:purified_water_canteen":1,"irons_spellbooks:frozen_bone":23,"minecraft:sand":91,"toughasnails:water_canteen":2,"born_in_chaos_v1:fire_dust":1,"minecraft:diamond":1,"born_in_chaos_v1:nightmare_scythe":2,"minecraft:bone_meal":4,"minecraft:golden_apple":2,"minecraft:emerald":2,"minecraft:bread":23,"alexsmobs:banana_slug_slime":1,"born_in_chaos_v1:rotten_fish":15,"minecraft:dark_oak_fence":1,"born_in_chaos_v1:sea_terror_stomach":2,"undead_revamp2:bostroxingot":1,"minecraft:crafting_table":1,"minecraft:chicken":1,"minecraft:leather_leggings":1,"born_in_chaos_v1:seedof_chaos":2,"minecraft:yellow_candle":3,"minecraft:shield":2,"born_in_chaos_v1:intoxicating_decoction":2,"artifacts:fire_gauntlet":1,"minecraft:minecart":1,"minecraft:birch_sapling":3,"minecraft:oak_door":1,"toughasnails:empty_canteen":1,"minecraft:arrow":12,"minecraft:hay_block":15,"minecraft:gold_ingot":6,"born_in_chaos_v1:trident_hayfork":1,"minecraft:mutton":4,"minecraft:white_wool":8,"minecraft:oxeye_daisy":1,"golemfirststonemod:item_flame_of_creation_blue":3,"born_in_chaos_v1:corpse_maggot":2,"farmersdelight:rich_soil":1,"minecraft:leather":4,"minecraft:red_mushroom":10,"minecraft:filled_map":1,"artifacts:anglers_hat":1,"minecraft:lily_pad":1,"minecraft:yellow_bed":1,"minecraft:gunpowder":1,"minecraft:blue_bed":4,"minecraft:cooked_mutton":3,"irons_spellbooks:common_ink":2,"bountiful:bounty":1,"minecraft:kelp":2,"artifacts:whoopee_cushion":4,"minecraft:iron_ingot":7,"minecraft:cobweb":3,"minecraft:glass_bottle":1,"minecraft:iron_sword":1,"minecraft:pumpkin":1,"minecraft:sweet_berries":2,"born_in_chaos_v1:orbofthe_summoner":1,"minecraft:gravel":6,"minecraft:birch_stairs":1,"minecraft:spruce_log":14,"minecraft:spider_eye":5,"minecraft:pumpkin_seeds":4,"minecraft:purple_bed":3,"minecraft:gray_wool":1,"minecraft:coal":3},"minecraft:dropped":{"golemfirststonemod:item_flame_of_creation_blue":5,"minecraft:iron_sword":1,"minecraft:porkchop":1,"born_in_chaos_v1:mint_candy":2,"alexsmobs:banana_slug_slime":1,"minecraft:glass_bottle":3,"minecraft:diamond":1,"minecraft:lantern":2,"minecraft:leather":3,"minecraft:saddle":1,"artifacts:anglers_hat":2,"minecraft:leather_helmet":1,"minecraft:flint":2,"minecraft:dirt":69,"born_in_chaos_v1:trident_hayfork":1,"minecraft:bone_meal":3,"born_in_chaos_v1:black_argillite_brick_wall":1,"minecraft:sand":79,"minecraft:iron_pickaxe":2,"minecraft:birch_log":7,"minecraft:white_wool":2,"minecraft:birch_stairs":1,"minecraft:gold_ingot":6,"minecraft:bone":18,"bountiful:bounty":1,"undead_revamp2:arapholia":1,"minecraft:rotten_flesh":12,"born_in_chaos_v1:smoked_flesh":3,"minecraft:leather_chestplate":5,"artifacts:umbrella":2,"born_in_chaos_v1:corpse_maggot":1,"minecraft:leather_boots":1,"minecraft:iron_bars":6,"minecraft:arrow":4,"basicweapons:iron_spear":1,"minecraft:iron_ingot":5,"minecraft:bread":7,"toughasnails:water_canteen":3,"born_in_chaos_v1:shattered_skull":1,"minecraft:wheat_seeds":2,"minecraft:lilac":1,"minecraft:minecart":1,"minecraft:cobblestone":16,"born_in_chaos_v1:orbofthe_summoner":1,"artifacts:whoopee_cushion":3,"minecraft:golden_apple":3,"minecraft:cobweb":3,"minecraft:oxeye_daisy":1,"irons_spellbooks:scroll":2,"minecraft:gray_wool":1,"minecraft:torch":3,"tombstone:grave_key":3,"tombstone:grave_dust":6,"minecraft:potion":1,"toughasnails:purified_water_canteen":1,"irons_spellbooks:common_ink":3,"born_in_chaos_v1:staffof_magic_arrows":1,"minecraft:string":14,"minecraft:bucket":1,"artifacts:bunny_hoppers":1,"born_in_chaos_v1:nightmare_scythe":2,"minecraft:redstone":9,"toughasnails:empty_canteen":1,"minecraft:raw_copper":5,"born_in_chaos_v1:rotten_fish":5,"minecraft:iron_boots":1,"minecraft:yellow_candle":3,"undead_revamp2:bostroxingot":1,"minecraft:filled_map":1,"minecraft:shield":1,"minecraft:diamond_pickaxe":1,"minecraft:spider_eye":6,"minecraft:spruce_log":14,"artifacts:fire_gauntlet":1},"minecraft:killed_by":{"undead_revamp2:sucker":1,"undead_revamp2:the_moonflower":1,"born_in_chaos_v1:glutton_fish":3,"born_in_chaos_v1:corpse_fly":1,"undead_revamp2:clogger":1,"minecraft:vindicator":1,"alexsmobs:crocodile":1,"minecraft:cave_spider":1,"born_in_chaos_v1:scarlet_persecutor":1,"born_in_chaos_v1:bonescaller_not_despawn":1,"undead_revamp2:thehunter":1,"golemfirststonemod:entity_golem_cobble":2,"born_in_chaos_v1:skeleton_thrasher_not_despawn":1,"born_in_chaos_v1:corpse_fish":1,"born_in_chaos_v1:dread_hound":2,"guardvillagers:guard":1},"minecraft:broken":{"minecraft:iron_boots":1,"minecraft:iron_chestplate":1,"minecraft:iron_leggings":1,"toughasnails:water_canteen":15,"minecraft:leather_chestplate":1,"minecraft:leather_boots":1,"minecraft:iron_helmet":1,"toughasnails:purified_water_canteen":1},"minecraft:custom":{"lootr:looted_stat":65,"minecraft:interact_with_crafting_table":14,"minecraft:open_barrel":13,"minecraft:bell_ring":27,"minecraft:leave_game":13,"minecraft:time_since_death":15478,"minecraft:sprint_one_cm":1026235,"minecraft:damage_blocked_by_shield":240,"minecraft:drop":279,"minecraft:talked_to_villager":3,"minecraft:play_time":546701,"minecraft:deaths":26,"minecraft:jump":5964,"minecraft:walk_on_water_one_cm":196313,"minecraft:interact_with_furnace":4,"minecraft:sleep_in_bed":32,"minecraft:damage_dealt":16339,"minecraft:crouch_one_cm":1598,"tombstone:undead_killed":23,"minecraft:interact_with_smoker":4,"minecraft:mob_kills":100,"minecraft:damage_dealt_resisted":1664,"minecraft:climb_one_cm":25977,"minecraft:walk_one_cm":1977538,"minecraft:sneak_time":1355,"minecraft:walk_under_water_one_cm":225202,"minecraft:boat_one_cm":60617,"minecraft:total_world_time":546701,"tombstone:raider_killed":2,"minecraft:time_since_rest":13079,"minecraft:damage_taken":12589,"minecraft:damage_absorbed":40,"tombstone:cast_on_ally":0,"minecraft:swim_one_cm":231371,"minecraft:fly_one_cm":942786,"minecraft:open_chest":29,"minecraft:fall_one_cm":329244}},"DataVersion":3465}