{"stats":{"minecraft:killed_by":{"undead_revamp2:sucker":1,"born_in_chaos_v1:dread_hound":1},"minecraft:picked_up":{"minecraft:crafting_table":1,"minecraft:pumpkin":1,"minecraft:leather_leggings":1,"minecraft:leather":3,"artifacts:bunny_hoppers":1,"artifacts:umbrella":1,"biomesoplenty:fir_log":5,"minecraft:gravel":6,"minecraft:dirt":1,"minecraft:blue_bed":3,"basicweapons:iron_club":1,"minecraft:bone":3,"minecraft:hay_block":14,"artifacts:whoopee_cushion":1,"minecraft:dark_oak_fence":1,"minecraft:emerald":1,"minecraft:iron_sword":1,"minecraft:mutton":2,"minecraft:white_wool":1},"minecraft:crafted":{"minecraft:bread":16,"toughasnails:empty_canteen":1,"minecraft:wheat":81},"minecraft:broken":{"toughasnails:water_canteen":3},"minecraft:killed":{"minecraft:sheep":1},"minecraft:dropped":{"minecraft:leather_chestplate":1,"minecraft:iron_sword":1,"artifacts:umbrella":1,"minecraft:iron_boots":1,"minecraft:leather":1,"minecraft:iron_pickaxe":1,"artifacts:bunny_hoppers":1,"basicweapons:iron_spear":1,"minecraft:leather_helmet":1},"minecraft:mined":{"minecraft:hay_block":16,"minecraft:pumpkin":1,"minecraft:powder_snow":118,"minecraft:crafting_table":1,"biomesoplenty:fir_log":5,"minecraft:dark_oak_fence":2,"minecraft:grass":3,"minecraft:grass_block":2,"minecraft:spruce_fence":1,"biomesoplenty:fir_leaves":1,"minecraft:gravel":6,"biomesoplenty:tundra_shrub":6,"minecraft:blue_bed":3,"minecraft:fern":5},"minecraft:custom":{"minecraft:time_since_rest":5115,"lootr:looted_stat":18,"minecraft:sprint_one_cm":136145,"minecraft:damage_taken":1160,"minecraft:walk_one_cm":255760,"minecraft:mob_kills":1,"minecraft:drop":9,"minecraft:damage_dealt":323,"minecraft:interact_with_crafting_table":4,"minecraft:swim_one_cm":3798,"minecraft:fly_one_cm":100231,"minecraft:open_chest":3,"minecraft:crouch_one_cm":404,"minecraft:play_time":59746,"minecraft:sneak_time":106,"minecraft:deaths":4,"minecraft:walk_under_water_one_cm":1090,"minecraft:jump":631,"minecraft:climb_one_cm":1163,"minecraft:time_since_death":49572,"minecraft:walk_on_water_one_cm":1881,"minecraft:sleep_in_bed":7,"minecraft:total_world_time":59746,"minecraft:fall_one_cm":31274},"minecraft:used":{"minecraft:bread":7,"minecraft:blue_bed":2,"minecraft:gravel":2,"toughasnails:water_canteen":25,"basicweapons:iron_club":13,"minecraft:dirt":1,"minecraft:mutton":2,"minecraft:hay_block":5,"toughasnails:empty_canteen":4,"alexsmobs:animal_dictionary":6,"minecraft:snowball":6}},"DataVersion":3465}