{"stats":{"minecraft:picked_up":{"minecraft:crafting_table":1,"minecraft:chicken":1,"born_in_chaos_v1:seedof_chaos":2,"minecraft:leather_leggings":1,"artifacts:bunny_hoppers":1,"artifacts:umbrella":2,"born_in_chaos_v1:black_argillite_brick_wall":1,"minecraft:potion":2,"magistuarmory:barding":1,"minecraft:yellow_candle":3,"minecraft:shield":1,"minecraft:string":28,"minecraft:dead_tube_coral_block":2,"alexsmobs:ancient_dart":1,"minecraft:experience_bottle":1,"artifacts:fire_gauntlet":1,"minecraft:bucket":1,"minecraft:iron_pickaxe":2,"minecraft:minecart":1,"born_in_chaos_v1:stimulating_decoction":1,"minecraft:tipped_arrow":2,"born_in_chaos_v1:shattered_skull":1,"minecraft:oak_door":1,"minecraft:oak_fence":1,"minecraft:torch":2,"minecraft:porkchop":2,"tombstone:grave_dust":7,"toughasnails:empty_canteen":1,"minecraft:arrow":9,"minecraft:rotten_flesh":14,"artifacts:villager_hat":1,"minecraft:hay_block":15,"minecraft:iron_block":1,"born_in_chaos_v1:trident_hayfork":1,"minecraft:mutton":4,"minecraft:iron_bars":6,"minecraft:white_wool":8,"minecraft:cobblestone":28,"golemfirststonemod:item_flame_of_creation_blue":3,"born_in_chaos_v1:corpse_maggot":2,"born_in_chaos_v1:staffof_magic_arrows":2,"minecraft:leather_chestplate":3,"minecraft:feather":1,"minecraft:lilac":4,"farmersdelight:rice":1,"minecraft:leather":4,"minecraft:potato":4,"artifacts:anglers_hat":1,"minecraft:filled_map":1,"biomesoplenty:fir_log":5,"minecraft:flint":2,"minecraft:yellow_bed":1,"minecraft:dirt":180,"minecraft:blue_bed":4,"minecraft:lantern":2,"basicweapons:iron_club":1,"minecraft:cooked_mutton":3,"irons_spellbooks:common_ink":2,"minecraft:bone":24,"bountiful:bounty":1,"basicweapons:iron_spear":1,"minecraft:bow":3,"minecraft:wheat_seeds":2,"artifacts:whoopee_cushion":1,"minecraft:cobweb":3,"minecraft:iron_sword":1,"irons_spellbooks:frozen_bone":23,"minecraft:pumpkin":1,"minecraft:sweet_berries":2,"born_in_chaos_v1:orbofthe_summoner":1,"minecraft:gravel":6,"minecraft:birch_stairs":1,"minecraft:sand":76,"minecraft:spruce_log":14,"minecraft:spider_eye":5,"minecraft:pumpkin_seeds":4,"toughasnails:water_canteen":1,"minecraft:purple_bed":3,"born_in_chaos_v1:fire_dust":1,"born_in_chaos_v1:nightmare_scythe":1,"minecraft:bone_meal":2,"minecraft:golden_apple":2,"minecraft:gray_wool":1,"minecraft:bread":23,"minecraft:emerald":2,"alexsmobs:banana_slug_slime":1,"born_in_chaos_v1:rotten_fish":3,"minecraft:dark_oak_fence":1},"minecraft:mined":{"farmersdelight:rich_soil":2,"minecraft:mossy_cobblestone":9,"minecraft:oak_door":1,"minecraft:dead_horn_coral":1,"minecraft:dark_oak_fence":2,"biomesoplenty:bush":4,"minecraft:yellow_candle":1,"minecraft:grass_block":63,"minecraft:spruce_fence":1,"minecraft:dead_tube_coral_block":2,"biomesoplenty:flowering_oak_leaves":4,"minecraft:weeping_vines":1,"minecraft:spruce_leaves":1,"minecraft:red_mushroom":1,"biomesoplenty:tundra_shrub":6,"minecraft:hay_block":18,"minecraft:large_fern":2,"minecraft:tall_seagrass":1,"minecraft:weeping_vines_plant":2,"minecraft:carrots":6,"farmersdelight:wild_rice":2,"minecraft:fire":5,"biomesoplenty:lavender":3,"minecraft:pumpkin":1,"biomesoplenty:sea_oats":3,"biomesoplenty:high_grass":1,"minecraft:potatoes":1,"minecraft:iron_block":1,"minecraft:stone":20,"minecraft:white_wool":3,"minecraft:podzol":1,"minecraft:birch_stairs":1,"minecraft:scaffolding":1,"minecraft:dandelion":1,"minecraft:powder_snow":122,"minecraft:oak_fence":1,"minecraft:crafting_table":1,"minecraft:rose_bush":1,"biomesoplenty:high_grass_plant":13,"minecraft:tall_grass":13,"minecraft:cobblestone":1,"biomesoplenty:sprout":13,"minecraft:blue_bed":4,"minecraft:wall_torch":1,"minecraft:seagrass":1,"minecraft:chain":1,"minecraft:purple_bed":3,"minecraft:powered_rail":1,"minecraft:wheat":1,"minecraft:lilac":2,"minecraft:spruce_log":7,"minecraft:yellow_bed":1,"biomesoplenty:fir_log":5,"minecraft:grass":27,"minecraft:dead_brain_coral_block":1,"biomesoplenty:fir_leaves":1,"minecraft:gravel":6,"minecraft:sand":87,"minecraft:dirt":77,"minecraft:oak_leaves":11,"minecraft:fern":5},"minecraft:killed":{"alexsmobs:lobster":1,"minecraft:cave_spider":3,"born_in_chaos_v1:zombie_lumberjack":1,"enemyexpansion:equestrian":1,"minecraft:spider":4,"enemyexpansion:direwolf":2,"born_in_chaos_v1:siamese_skeletonsright":1,"born_in_chaos_v1:baby_skeleton_minion":1,"alexsmobs:banana_slug":1,"minecraft:chicken":2,"born_in_chaos_v1:corpse_fish":7,"minecraft:drowned":1,"undead_revamp2:sucker":1,"alexsmobs:flying_fish":1,"minecraft:pig":3,"born_in_chaos_v1:bone_imp_minion":5,"undead_revamp2:the_moonflower":1,"minecraft:sheep":6,"minecraft:pillager":2,"minecraft:zombie":4,"born_in_chaos_v1:corpse_fly":4,"minecraft:stray":1,"born_in_chaos_v1:siamese_skeletonsleft":1},"minecraft:custom":{"lootr:looted_stat":57,"minecraft:mob_kills":69,"minecraft:interact_with_crafting_table":8,"minecraft:open_barrel":12,"minecraft:bell_ring":15,"minecraft:damage_dealt_resisted":1664,"minecraft:leave_game":4,"minecraft:time_since_death":76670,"minecraft:climb_one_cm":13552,"minecraft:sprint_one_cm":500572,"minecraft:walk_one_cm":1368888,"minecraft:drop":241,"minecraft:talked_to_villager":1,"minecraft:play_time":349941,"minecraft:sneak_time":1116,"minecraft:deaths":13,"minecraft:walk_under_water_one_cm":137170,"minecraft:boat_one_cm":60617,"minecraft:jump":3620,"minecraft:walk_on_water_one_cm":117956,"minecraft:total_world_time":349941,"minecraft:interact_with_furnace":2,"tombstone:raider_killed":2,"minecraft:sleep_in_bed":19,"minecraft:time_since_rest":32102,"minecraft:damage_taken":7449,"minecraft:damage_absorbed":40,"minecraft:damage_dealt":10544,"tombstone:cast_on_ally":0,"minecraft:swim_one_cm":127838,"minecraft:fly_one_cm":496898,"minecraft:open_chest":3,"minecraft:crouch_one_cm":1598,"tombstone:undead_killed":18,"minecraft:interact_with_smoker":1,"minecraft:fall_one_cm":185687},"minecraft:crafted":{"minecraft:flint_and_steel":1,"minecraft:wheat":81,"minecraft:bread":16,"toughasnails:empty_canteen":1},"minecraft:killed_by":{"undead_revamp2:sucker":1,"undead_revamp2:clogger":1,"minecraft:vindicator":1,"golemfirststonemod:entity_golem_cobble":2,"alexsmobs:crocodile":1,"minecraft:cave_spider":1,"born_in_chaos_v1:skeleton_thrasher_not_despawn":1,"born_in_chaos_v1:bonescaller_not_despawn":1,"born_in_chaos_v1:dread_hound":1,"guardvillagers:guard":1},"minecraft:broken":{"minecraft:iron_boots":1,"minecraft:iron_chestplate":1,"minecraft:iron_leggings":1,"toughasnails:water_canteen":13,"minecraft:leather_boots":1,"minecraft:iron_helmet":1},"minecraft:dropped":{"golemfirststonemod:item_flame_of_creation_blue":5,"minecraft:bread":1,"minecraft:iron_sword":1,"toughasnails:water_canteen":2,"minecraft:porkchop":1,"born_in_chaos_v1:shattered_skull":1,"minecraft:wheat_seeds":2,"born_in_chaos_v1:mint_candy":2,"alexsmobs:banana_slug_slime":1,"minecraft:glass_bottle":3,"minecraft:minecart":1,"minecraft:cobblestone":16,"born_in_chaos_v1:orbofthe_summoner":1,"minecraft:lantern":2,"minecraft:leather":3,"minecraft:saddle":1,"artifacts:anglers_hat":2,"minecraft:leather_helmet":1,"minecraft:golden_apple":3,"minecraft:flint":2,"minecraft:cobweb":3,"minecraft:dirt":69,"minecraft:gray_wool":1,"minecraft:torch":3,"tombstone:grave_key":3,"tombstone:grave_dust":6,"minecraft:potion":1,"born_in_chaos_v1:trident_hayfork":1,"minecraft:bone_meal":2,"born_in_chaos_v1:black_argillite_brick_wall":1,"irons_spellbooks:common_ink":3,"minecraft:sand":55,"born_in_chaos_v1:staffof_magic_arrows":1,"minecraft:iron_pickaxe":2,"minecraft:string":14,"minecraft:white_wool":2,"minecraft:bucket":1,"minecraft:birch_stairs":1,"artifacts:bunny_hoppers":1,"minecraft:bone":18,"born_in_chaos_v1:nightmare_scythe":1,"bountiful:bounty":1,"born_in_chaos_v1:rotten_fish":2,"minecraft:rotten_flesh":10,"born_in_chaos_v1:smoked_flesh":3,"minecraft:iron_boots":1,"minecraft:yellow_candle":3,"minecraft:filled_map":1,"minecraft:leather_chestplate":5,"artifacts:umbrella":2,"minecraft:diamond_pickaxe":1,"born_in_chaos_v1:corpse_maggot":1,"minecraft:leather_boots":1,"minecraft:spider_eye":6,"minecraft:spruce_log":14,"minecraft:iron_bars":6,"minecraft:arrow":4,"basicweapons:iron_spear":1,"artifacts:fire_gauntlet":1},"minecraft:used":{"tombstone:scroll_of_lightning_resistance":1,"minecraft:flint_and_steel":32,"born_in_chaos_v1:intoxicating_decoction":2,"minecraft:iron_sword":48,"minecraft:oak_door":1,"minecraft:dirt":83,"minecraft:mutton":2,"toughasnails:empty_canteen":15,"minecraft:snowball":6,"minecraft:lantern":7,"minecraft:iron_block":1,"born_in_chaos_v1:mint_candy":1,"born_in_chaos_v1:nightmare_scythe":243,"basicweapons:iron_quarterstaff":72,"minecraft:hay_block":5,"minecraft:sweet_berries":5,"minecraft:glass_bottle":1,"born_in_chaos_v1:stimulating_decoction":1,"tombstone:scroll_of_true_sight":1,"minecraft:blue_bed":4,"toughasnails:water_canteen":440,"minecraft:white_wool":5,"minecraft:golden_apple":1,"minecraft:sand":3,"minecraft:crafting_table":1,"minecraft:apple":6,"born_in_chaos_v1:monster_flesh":1,"tombstone:tablet_of_assistance":30,"minecraft:bread":79,"minecraft:iron_pickaxe":48,"born_in_chaos_v1:staffof_magic_arrows":51,"minecraft:gravel":2,"minecraft:cobblestone":6,"basicweapons:iron_club":115,"minecraft:potion":2,"minecraft:purple_bed":3,"basicweapons:iron_spear":94,"alexsmobs:animal_dictionary":6,"minecraft:experience_bottle":2}},"DataVersion":3465}